-- MySQL dump 10.13  Distrib 5.7.17, for macos10.12 (x86_64)
--
-- Host: localhost    Database: t2p_cloud
-- ------------------------------------------------------
-- Server version	5.7.21

/*!40101 SET @OLD_CHARACTER_SET_CLIENT=@@CHARACTER_SET_CLIENT */;
/*!40101 SET @OLD_CHARACTER_SET_RESULTS=@@CHARACTER_SET_RESULTS */;
/*!40101 SET @OLD_COLLATION_CONNECTION=@@COLLATION_CONNECTION */;
/*!40101 SET NAMES utf8 */;
/*!40103 SET @OLD_TIME_ZONE=@@TIME_ZONE */;
/*!40103 SET TIME_ZONE='+00:00' */;
/*!40014 SET @OLD_UNIQUE_CHECKS=@@UNIQUE_CHECKS, UNIQUE_CHECKS=0 */;
/*!40014 SET @OLD_FOREIGN_KEY_CHECKS=@@FOREIGN_KEY_CHECKS, FOREIGN_KEY_CHECKS=0 */;
/*!40101 SET @OLD_SQL_MODE=@@SQL_MODE, SQL_MODE='NO_AUTO_VALUE_ON_ZERO' */;
/*!40111 SET @OLD_SQL_NOTES=@@SQL_NOTES, SQL_NOTES=0 */;

--
-- Table structure for table `hibernate_sequence`
--

DROP TABLE IF EXISTS `hibernate_sequence`;
/*!40101 SET @saved_cs_client     = @@character_set_client */;
/*!40101 SET character_set_client = utf8 */;
CREATE TABLE `hibernate_sequence` (
  `next_val` bigint(20) DEFAULT NULL
) ENGINE=InnoDB DEFAULT CHARSET=utf8;
/*!40101 SET character_set_client = @saved_cs_client */;

--
-- Dumping data for table `hibernate_sequence`
--

LOCK TABLES `hibernate_sequence` WRITE;
/*!40000 ALTER TABLE `hibernate_sequence` DISABLE KEYS */;
INSERT INTO `hibernate_sequence` VALUES (41);
/*!40000 ALTER TABLE `hibernate_sequence` ENABLE KEYS */;
UNLOCK TABLES;

--
-- Table structure for table `news`
--

DROP TABLE IF EXISTS `news`;
/*!40101 SET @saved_cs_client     = @@character_set_client */;
/*!40101 SET character_set_client = utf8 */;
CREATE TABLE `news` (
  `id` int(11) NOT NULL AUTO_INCREMENT,
  `content` text,
  `create_date` datetime DEFAULT NULL,
  `last_modified` datetime DEFAULT NULL,
  `title` varchar(255) DEFAULT NULL,
  `type_id` int(11) DEFAULT NULL,
  `url` varchar(255) DEFAULT NULL,
  `user_id` int(11) DEFAULT NULL,
  PRIMARY KEY (`id`),
  KEY `FK92rftcbonyyyr1wy9ugef661w` (`type_id`),
  KEY `FK4538gbwfa03nwr9edl3fdloo9` (`user_id`),
  CONSTRAINT `FK4538gbwfa03nwr9edl3fdloo9` FOREIGN KEY (`user_id`) REFERENCES `user` (`id`),
  CONSTRAINT `FK92rftcbonyyyr1wy9ugef661w` FOREIGN KEY (`type_id`) REFERENCES `types` (`type_id`)
) ENGINE=InnoDB AUTO_INCREMENT=43 DEFAULT CHARSET=utf8;
/*!40101 SET character_set_client = @saved_cs_client */;

--
-- Dumping data for table `news`
--

LOCK TABLES `news` WRITE;
/*!40000 ALTER TABLE `news` DISABLE KEYS */;
INSERT INTO `news` VALUES (1,'<p><em>System Science and</em> Engine<strong>erin<em>g has emerged a</em>s a research field that covers a wide spectrum of modern tec</strong>hnology. A system can be considered as a collection of entities and their interrelationship<img alt=\"\" src=\"https://drive.google.com/uc?id=13e8wXb-lUJxkCClqYB-WbDT73qYj3uPu&amp;export=download\" style=\"height:310px; width:531px\" />s gathered together to form a whole greater than the sum of the <s>entities.</s> <em>It also involves</em> people, organizations, cultures, activities and interrelationships among them. While systems composed of autonomous subsystems are not new, increased data density, connectivity and ubiquitous computational resources have increased their interdependence and interaction complexity. This has in turn made the already difficult job of planning, developing and deploying complex systems even more difficult.<br />\r\n<br />\r\n&nbsp; &nbsp;Technology advancement not only provides opportunities for improving system capabilities but also introduces development risks that must be weighed and managed. Thus, it is our goal to bring together scholars from all areas to have a forum to discuss, demonstrate and exchange research ideas in the scope of system science and engineering.<br />\r\n<br />\r\n&nbsp; &nbsp;The International Conference on System Science and Engineering 2017 (ICSSE 2017) is an international conference that will take place in Ho Chi Minh City during July 21-23, 2017. This event will provide a great opportunity for scientists, engineers, and practitioners from all over the world to present the latest system design concepts, research results, developments and applications, as well as to facilitate interactions between scholars and practitioners. ICSSE 2017 will feature plenary speeches in emerging technology topics given by world renowned scholars. The proceedings of ICSSE 2017 will be published by the IEEE with EI indexing. In addition, selected high-quality papers will be published by special issues of SCI-indexed journals.&nbsp;<br />\r\n<br />\r\n<strong>ICSSE&nbsp;<strong>PUBLISHED&nbsp;</strong>PROCEEDINGS</strong><br />\r\n<br />\r\nICSSE 2010:&nbsp;<a href=\"http://ieeexplore.ieee.org/xpl/mostRecentIssue.jsp?punumber=5540658\" target=\"_blank\">http://ieeexplore.ieee.org/xpl/mostRecentIssue.jsp?punumber=5540658</a><br />\r\nICSSE 2012:&nbsp;<a href=\"http://ieeexplore.ieee.org/xpl/mostRecentIssue.jsp?punumber=6246741\" target=\"_blank\">http://ieeexplore.ieee.org/xpl/mostRecentIssue.jsp?punumber=6246741</a><br />\r\nICSSE 2014:&nbsp;<a href=\"http://ieeexplore.ieee.org/xpl/mostRecentIssue.jsp?punumber=6879759\" target=\"_blank\">http://ieeexplore.ieee.org/xpl/mostRecentIssue.jsp?punumber=6879759</a><br />\r\nICSSE 2016:&nbsp;<a href=\"http://ieeexplore.ieee.org/xpl/mostRecentIssue.jsp?punumber=7548195\" target=\"_blank\">http://ieeexplore.ieee.org/xpl/mostRecentIssue.jsp?punumber=7548195</a><br />\r\nICSSE 2017:&nbsp;<a href=\"http://ieeexplore.ieee.org/xpl/mostRecentIssue.jsp?punumber=8024255\" target=\"_blank\">http://ieeexplore.ieee.org/xpl/mostRecentIssue.jsp?punumber=8024255</a></p>\r\n','2018-03-19 14:00:00','2018-03-19 14:00:00',NULL,1,'home',1),(2,'System Science and Engineering has emerged as a research field that covers a wide spectrum of modern technology. A system can be considered as a collection of entities and their interrelationships gathered together to form a whole greater than the sum of the entities. It also involves people, organizations, cultures, activities and interrelationships among them. While systems composed of autonomous subsystems are not new, increased data density, connectivity and ubiquitous computational resources have increased their interdependence and interaction complexity. This has in turn made the already difficult job of planning, developing and deploying complex systems even more difficult.&nbsp;<br />\n<br />\nTechnology advancement not only provides opportunities for improving system capabilities but also introduces development risks that must be weighed and managed. Thus, it is our goal to bring together scholars from all areas to have a forum to discuss, demonstrate and exchange research ideas in the scope of system science and engineering.<br />\n<br />\nThe International Conference of System Science and Engineering 2017 (ICSSE 2017) is an international conference that will take place in Ho Chi Minh City during July 21-23, 2017. This event will provide a great opportunity for scientists, engineers, and practitioners from all over the world to present the latest system design concepts, research results, developments and applications, as well as to facilitate interactions between scholars and practitioners. ICSSE 2017 will feature plenary speeches in emerging technology topics given by world renowned scholars. The proceedings of ICSSE 2017 will be published by the IEEE with EI indexing. In addition, selected high-quality papers will be published by special issues of SCI-indexed journals.<br />\n<br />\n<br />\n<a href=\"http://www.twtasse.org/icsse2016/\" target=\"_blank\"><strong>ICSSE 2016 click here</strong></a><br />\n<br />\n<strong><strong>&nbsp;<strong>ICSSE&nbsp;</strong></strong>PUBLISHED PROCEEDINGS</strong><br />\n&nbsp;</h1>\n\n<p>ICSSE 2010:&nbsp;<a href=\"http://ieeexplore.ieee.org/xpl/mostRecentIssue.jsp?punumber=5540658\" target=\"_blank\">http://ieeexplore.ieee.org/xpl/mostRecentIssue.jsp?punumber=5540658</a></p>\n\n<p>ICSSE&nbsp;2012:&nbsp;<a href=\"http://ieeexplore.ieee.org/xpl/mostRecentIssue.jsp?punumber=6246741\" target=\"_blank\">http://ieeexplore.ieee.org/xpl/mostRecentIssue.jsp?punumber=6246741</a></p>\n\n<p>ICSSE&nbsp;2014:&nbsp;<a href=\"http://ieeexplore.ieee.org/xpl/mostRecentIssue.jsp?punumber=6879759\" target=\"_blank\">http://ieeexplore.ieee.org/xpl/mostRecentIssue.jsp?punumber=6879759</a></p>\n\n<p>ICSSE&nbsp;2016:&nbsp;<a href=\"http://ieeexplore.ieee.org/xpl/mostRecentIssue.jsp?punumber=7548195\" target=\"_blank\">http://ieeexplore.ieee.org/xpl/mostRecentIssue.jsp?punumber=7548195</a></p>\n\n','2018-03-19 00:00:00','2018-03-19 00:00:00',NULL,2,'icsse',1),(3,'<p><strong>BRIEF HISTORY</strong><br />\r\nHo Chi Minh City University of Technology And Education (HCMUTE) is the first university in Vietnam educating and training technical teachers for the whole country. Chronologically, HCMUTE has been renamed several times due to integration with other schools or its own promotion. The university evolved from the Board of Technical Education, first founded on October 5th 1962, then renamed Nguyen Truong To Center for Technical Education in Thu Duc in September 1972, and later upgraded to Thu Duc College of Education in 1974. On October 27th 1976, the SRV Prime Minister issued a decision to establish Thu Duc University of Technical Education on the basis of Thu Duc College of Education. This was amalgamated with Thu Duc Industrial Vocational School in 1984 and further merged with Technical Teacher Training School No.5 in 1991 to become the present Ho Chi Minh City University of Technology And Education. In 1995, the university incorporated with National University Ho Chi Minh City as an informal member. In 2000, HCMUTE became a member under supervision of Ministry of Education and Training of Vietnam (MoET).<br />\r\n&nbsp;</p>\r\n\r\n<p><img alt=\"\" src=\"http://icsse2017.hcmute.edu.vn/Resources/Images/SubDomain/icsse2017/hinh%20truong.jpg\" style=\"height:399px; width:600px\" /></p>\r\n\r\n<p>&nbsp;</p>\r\n\r\n<p><strong>VISION</strong><br />\r\nThe HCMC University of Technology and Education will become a top center of training, research, creativity, innovation and entrepreneurship in Vietnam, on a par with regional and worldwide prestigious universities.<br />\r\n<br />\r\n<strong>MISSIONS</strong><br />\r\nThe mission of HCMUTE is to be a leading institution in training, scientific research and technology transfer in Vietnam, continuously innovate to provide human resources and scientific products with high quality in the fields of technical and vocational education, science and technology to meet the demands of the economic-social development of the country and the region.<br />\r\n<br />\r\n<strong>QUALITY POLICY</strong><br />\r\nContinuosly upgrade quality of teaching, learning and scientific research to provide students with the best conditions to develop comprehensively their professional skills in order to satisfy the demands of society and international integration.<br />\r\n<br />\r\n<strong>CORE VALUES</strong><br />\r\nPreserving and promoting traditional values of the Vietnamese People Nourishing talents and creativity; focusing on professional ethic and skills Respecting the interest of students and community; building a learning organization<br />\r\nAppreciating quality, efficiency and innovation<br />\r\nIntegrating, collaborating and sharing<br />\r\n<br />\r\n<img alt=\"\" src=\"http://en.hcmute.edu.vn/Resources/Images/SubDomain/HomePage/Introduction/Tot%20nghiep.jpg\" style=\"height:437px; width:600px\" /></p>\r\n','2018-03-19 00:00:00','2018-03-19 00:00:00',NULL,3,'hcmute',1),(4,'<p>&nbsp;</p>\n\n<p><strong>Honorary General Chairs:</strong><br />\nDo Van Dung, HCMUTE, Vietnam<br />\nTsu-Tian Lee, Tamkang University, Taiwan<br />\n&nbsp;</p>\n\n<table>\n	<tbody>\n		<tr>\n			<td><strong>General Chairs:</strong><br />\n			Yo-Ping Huang, NTUT, Taiwan<br />\n			Ngo Van Thuyen, HCMUTE, Vietnam</td>\n			<td>&nbsp;</td>\n			<td><strong>Co-General Chairs:</strong><br />\n			Shun-Feng Su, NTUST, Taiwan<br />\n			Wen-June Wang, NCU, Taiwan</td>\n		</tr>\n	</tbody>\n</table>\n\n<p>&nbsp;</p>\n\n<table>\n	<tbody>\n		<tr>\n			<td><strong>Steering Committee:</strong><br />\n			Philip Chen, UM, Macau<br />\n			Jyh-Horng Chou, NKUAS, Taiwan<br />\n			Ngo Van Thuyen, HCMUTE, Vietnam<br />\n			Le Hieu Giang, HCMUTE, Vietnam<br />\n			Keith Hipel, UWaterloo, Canada</td>\n			<td>&nbsp;</td>\n			<td>Hoang An Quoc, HCMUTE, Vietnam<br />\n			Imre J.Rudas, &Oacute;Buda University, Hungary<br />\n			Nguyen Minh Tam, HCMUTE, Vietnam\n			<p>Ljiljana Trajkovic, SFU, Canada</p>\n			Wei-Yen Wang, NTNU, Taiwan<br />\n			Mengchu Zhou, NJIT, USA</td>\n		</tr>\n	</tbody>\n</table>\n\n<p>&nbsp;</p>\n\n<table>\n	<tbody>\n		<tr>\n			<td><strong>Technical Program Chairs:</strong><br />\n			Vo Minh Huan, HCMUTE,&nbsp;Vietnam<br />\n			Le Chi Kien, HCMUTE,&nbsp;Vietnam&nbsp;</td>\n			<td>&nbsp;</td>\n			<td><strong>Technical Program Co-Chairs:</strong><br />\n			Nguyen Vu Lan, HCMUTE,&nbsp;Vietnam<br />\n			Truong Dinh Nhon, HCMUTE,Vietnam<br />\n			Huynh Phuoc Son, HCMUTE, Vietnam<br />\n			Nguyen Truong Thinh,&nbsp;HCMUTE, Vietnam<br />\n			Do Thanh Trung, HCMUTE,Vietnam</td>\n		</tr>\n	</tbody>\n</table>\n\n<p>&nbsp;</p>\n\n<table>\n	<tbody>\n		<tr>\n			<td><strong>General secretary:&nbsp;</strong><br />\n			Nguyen Vu Lan, HCMUTE,&nbsp;Vietnam<br />\n			Hoang An Quoc, HCMUTE,&nbsp;Vietnam</td>\n			<td>&nbsp;</td>\n			<td><strong>Special Session Chairs:</strong><br />\n			Pei-Jun Lee, NCNU, Taiwan<br />\n			Ching-Chih Tsai, NCHU, Taiwan</td>\n		</tr>\n	</tbody>\n</table>\n\n<p>&nbsp;</p>\n\n<table>\n	<tbody>\n		<tr>\n			<td><strong>Publicity Chairs:</strong><br />\n			Kao-Shing Hwang, NSYSU, Taiwan</td>\n			<td>&nbsp;</td>\n			<td><strong>Award Chairs:</strong><br />\n			Bing-Fei Wu, NCTU, Taiwan</td>\n		</tr>\n	</tbody>\n</table>\n\n<p>&nbsp;</p>\n\n<table>\n	<tbody>\n		<tr>\n			<td><strong>Registration Chairs:</strong><br />\n			Mei-Yun Chen, NTNU, Taiwan<br />\n			Do Thanh Trung, HCMUTE,Vietnam</td>\n			<td>&nbsp;</td>\n			<td><strong>Local Arrangement Chairs:</strong><br />\n			Nguyen Vu Lan, HCMUTE,&nbsp;Vietnam<br />\n			Do Thanh Trung, HCMUTE,&nbsp;Vietnam</td>\n		</tr>\n	</tbody>\n</table>\n\n<p>&nbsp;</p>\n\n<table>\n	<tbody>\n		<tr>\n			<td><strong>Publications Chairs:</strong><br />\n			Chen-Chien Hsu, NTNU, Taiwan</td>\n			<td>&nbsp;</td>\n			<td><strong>Web Chairs:</strong><br />\n			Chau Ngoc Thin, HCMUTE,&nbsp;Vietnam&nbsp;</td>\n		</tr>\n	</tbody>\n</table>\n','2018-03-19 00:00:00','2018-03-19 00:00:00',NULL,4,'committes',1),(5,'<table>\n	<tbody>\n		<tr>\n			<td><strong><a href=\"http://icsse2017.hcmute.edu.vn/Resources/Docs/SubDomain/icsse2017/ICSSE%202017%20call%20for%20papers%20final.pdf\">&nbsp;<strong>DOWNLOAD CALL FOR PAPER (PDF)</strong></a><strong>&nbsp;<a href=\"http://icsse2017.hcmute.edu.vn/Resources/Docs/SubDomain/icsse2017/ICSSE%202017%20call%20for%20papers%20final.pdf\">\r\n<img width=\"32\" height=\"32\" alt=\"\" src=\"http://icsse2017.hcmute.edu.vn/Resources/Images/SubDomain/icsse2017/images.jpg\" /></a>&nbsp;</strong></strong></td>\n		</tr>\n	</tbody>\n</table>\n\n<p>&nbsp;</p>\n\n<p><strong><strong>CONFERENCE AIMS &amp; OBJECTIVES</strong></strong></p>\n\n<p>&nbsp;</p>\n\n<p>System Science and Engineering has emerged as a research field that covers a wide spectrum of modern technology. A system can be considered as a collection of entities and their interrelationships gathered together to form a whole greater than the sum of the entities. It also involves people, organizations, cultures, activities and interrelationships among them. While systems composed of autonomous subsystems are not new, increased data density, connectivity and ubiquitous computational resources have increased their interdependence and interaction complexity. This has in turn made the job of planning, developing and deploying complex systems even more difficult.<br />\nThe International Conference on System Science and Engineering 2017 (ICSSE 2017) will take place in Ho Chi Minh City during July 21-23, 2017. This event will provide scholars, experts, engineers and practitioners from all over the world with a great opportunity for to present the latest system design concepts, research results, developments and applications, as well as to facilitate interactions between scholars and practitioners. ICSSE 2017 will feature plenary speeches in emerging technology topics given by world renowned scholars. The proceedings of ICSSE 2017 will be published by the IEEE with EI- indexing. In addition, selected high-quality papers will be published by special issues of SCI-indexed journals. Best paper awards will be given to those with outstanding achievements.<br />\nThe conference welcomes all submission of original research papers in all aspects of system science and engineering. To broaden the scope and promote participant, organized sessions will also be welcomed and incorporated into the ICSSE 2017 program.&nbsp;<br />\n&nbsp;</p>\n\n<p><strong>TOPICS OF INTEREST INCLUDE, BUT NOT LIMITED TO:</strong></p>\n\n<table>\n	<tbody>\n	</tbody>\n</table>\n\n<table>\n	<tbody>\n		<tr>\n			<td>\n			<p><strong>-&nbsp;Biological systems and Evolution<br />\n			- Communication Systems<br />\n			- Decision Support System Modeling and Techniques&nbsp;<br />\n			- Decision and Control Systems<br />\n			- E-Commerce Systems<br />\n			- Energy Saving&nbsp;<br />\n			- Fuzzy Systems, Soft Computing and Grey Systems<br />\n			- Human Systems&nbsp;<br />\n			- Industrial Organization and Management<br />\n			- Information and System Engineering&nbsp;<br />\n			- Integrated Automation Technology Applications<br />\n			- Intelligent Systems<br />\n			- Medical and Health Systems&nbsp;<br />\n			- Novel Applications of Systems Engineering<br />\n			- Optimization&nbsp;<br />\n			- Power systems</strong></p>\n			</td>\n			<td>\n			<p><strong>- Other disciplines in System Engineering<br />\n			- Smart Grid&nbsp;<br />\n			- System Engineering Language&nbsp;<br />\n			- Systems Application in Business and Industry<br />\n			- Systems Architecting<br />\n			- Systems Complexity&nbsp;<br />\n			- Systems Engineering Management Process&nbsp;<br />\n			- Systems Engineering Technical &amp; Support Process<br />\n			- Systems Modeling, Tools and Simulation&nbsp;<br />\n			- Systems Risk Management&nbsp;<br />\n			- Systems Safety and Security<br />\n			- Systems Science and Cybernetics<br />\n			- Traffic Science and Engineering<br />\n			- IoT in Education and Industry<br />\n			- Renewable Energy</strong></p>\n			</td>\n		</tr>\n	</tbody>\n</table>\n\n<p><br />\n<strong>IMPORTANT DEADLINES:</strong></p>\n\n<p>&nbsp;</p>\n\n<p>March 7, 2017</p>\n\n<p>&nbsp;</p>\n\n<p>:&nbsp;</p>\n\n<p>&nbsp;</p>\n\n<p>&nbsp; &nbsp; &nbsp;2 pages extended Abstract Submission</p>\n\n<p>March 30, 2017: &nbsp; &nbsp; &nbsp;Notification of Acceptance</p>\n\n<p>May 10, 2017</p>\n\n<p>&nbsp;</p>\n\n<p>:</p>\n\n<p>&nbsp;</p>\n\n<p>&nbsp; &nbsp; &nbsp; &nbsp;2-6 Pages Final Papers Submission</p>\n\n<p>May 30, 2017: &nbsp; &nbsp; &nbsp; &nbsp; Online Registration</p>\n\n<p><strong>&nbsp; &nbsp;</strong>&nbsp; &nbsp;&nbsp;<strong>&nbsp; &nbsp;</strong>&nbsp;</p>\n\n<p><strong><strong>SUBMISSION POLICIES:</strong></strong></p>\n\n<p><br />\nSubmitted papers should be written in English. All submissions must be made electronically in PDF format via the ICSSE2017 website at&nbsp;<a href=\"http://icsse2017.hcmute.edu.vn/\" target=\"_blank\">http://icsse2017.hcmute.edu.vn</a></p>\n','2018-03-19 00:00:00','2018-03-19 00:00:00',NULL,5,'call_for_papers',1),(6,'<p>All initial and final submissions to ICSSE 2017 must be written in English and typeset in the IEEE-compliant US letter-size, 2-column format. Only portable document format (PDF) files are allowed for upload.<br />\n<br />\n<strong>REGULAR PAPERS:</strong><br />\n<br />\nRegular Papers must be submitted electronically via the Easychair System at:</p>\n\n<p>&nbsp;<strong><a href=\"https://easychair.org/conferences/?conf=icsse2017\" target=\"_blank\">https://easychair.org/conferences/?conf=icsse2017</a></strong></p>\n\n<p><br />\n<br />\n<strong>SPECIAL-SESSION PAPERS:<br />\n<br />\nPapers must be submitted electronically via the Easychair System at:&nbsp;</strong></p>\n\n<p><strong><a href=\"https://easychair.org/conferences/?conf=icsse2017specialsess\" target=\"_blank\"><strong><strong>https://easychair.org/conferences/?conf=icsse2017specialsess</strong></strong></a></strong></p>\n\n<p><br />\n<br />\n<strong>***** SPECIAL SESSION 01</strong>:&nbsp;<strong><strong>INTELLIGENT HEALTHCARE SYSTEMS &nbsp;</strong></strong><br />\nIf you want to submit a paper for Special Session 01, please add&nbsp;<strong>SS01-</strong>&nbsp;before the title of your paper when you type the title on easy chair.<br />\nExample:&nbsp;<strong><em>SS01-&nbsp;</em></strong><a name=\"1\"><strong><em>Design strategies to improve self-feeding device - FeedBot for Parkinson patients</em></strong></a></p>\n\n<p><a name=\"1\"><img alt=\"\" src=\"http://icsse2017.hcmute.edu.vn/Resources/Images/SubDomain/icsse2017/ss01.png\" /></a></p>\n\n<p><br />\n<strong>***** SPECIAL SESSION 02</strong>:&nbsp;FUZZY SYSTEMS AND ITS APPLICATIONS<br />\nIf you want to submit a paper for Special Session 02, please add&nbsp;<strong>SS02-</strong>&nbsp;before the title of your paper when you type the title on easy chair.<br />\nExample:&nbsp;<strong><em>SS02-&nbsp;</em></strong><a name=\"1\"><strong><em>Fuzzy Restricted Boltzmann Machine for the Enhancement of Deep Learning</em></strong></a></p>\n\n<p><a name=\"1\"></a><a name=\"1\"><img alt=\"\" src=\"http://icsse2017.hcmute.edu.vn/Resources/Images/SubDomain/icsse2017/SS02.png\" /></a></p>\n\n<p><br />\n<br />\n&nbsp;</p>\n\n<p><a href=\"http://icsse2017.hcmute.edu.vn/Resources/Docs/SubDomain/icsse2017/Instruction%20easychair_ICSSE2017.docx\"><strong>CLICK HERE TO DOWNLOAD&nbsp;</strong><br />\n<strong>INSTRUCTIONS FOR&nbsp;SUBMITTING PAPER ON EASYCHAIR</strong></a></p>\n\n<p><br />\n<br />\n<strong>Initial Submission of Extended Summaries</strong><br />\n<br />\nAuthors wishing to submit their work to ICSSE 2017 should initially submit an extended summary for review. Extended summaries are limited to two (2) US letter-size, double-column pages.<br />\n<br />\nThe extended summary should be an overview of your presentation and covers:<br />\n1. Backgrounds/ Research goals / Objectives;<br />\n2. Methods;<br />\n3. Expected results/ conclusions/ contributions;<br />\n4. Keywords.<br />\n<br />\nAvoid using scientific or engineering symbols, acronyms and bullets. It should be typed single-spaced in 10 point type Times New Roman. Be sure to adhere to the word limit of 1000 words within 2 pages.<br />\n<br />\n<strong>Final Submission of Full Papers</strong><br />\n<br />\nAll final versions of accepted papers are limited to&nbsp;<strong>four-six (4-6</strong>) US letter-size double-column pages at no extra charge. Authors may upload over-length papers up to a maximum of eight (8) pages. However, an extra-page charge of USD 50 per page will be levied on the seventh and eighth pages.<br />\n<br />\n<strong><a name=\"size\">Page, Format and Font Settings</a></strong><br />\n<br />\nBoth extended summaries and final versions must be typeset in the IEEE Xplore-compliant US letter-size, 2-column format. Prospective authors are strongly advised to download these LaTeX style files and MS Word templates which ensure that the page-size, margin and font-size requirements are satisfied. If you choose to typeset your manuscript without using the provided style files and templates, then please strictly observe the settings below:<br />\n&nbsp;</p>\n\n<table style=\"width:100%\">\n	<tbody>\n		<tr>\n			<td>\n			<table>\n				<tbody>\n					<tr>\n						<td colspan=\"3\"><strong>Page Settings</strong></td>\n					</tr>\n					<tr>\n						<td>&nbsp;</td>\n						<td colspan=\"2\"><strong>Letter Paper</strong></td>\n					</tr>\n					<tr>\n						<td><strong>Paper size</strong></td>\n						<td>(8.5x11.0)in</td>\n						<td>(21.59x27.94)cm</td>\n					</tr>\n					<tr>\n						<td><strong>Top margin (1st page)</strong></td>\n						<td>1.0in</td>\n						<td>2.54cm</td>\n					</tr>\n					<tr>\n						<td><strong>Top margin (rest)</strong></td>\n						<td>0.75in</td>\n						<td>1.9cm</td>\n					</tr>\n					<tr>\n						<td><strong>Left margin</strong></td>\n						<td>0.75in</td>\n						<td>1.9cm</td>\n					</tr>\n					<tr>\n						<td><strong>Right margin</strong></td>\n						<td>0.75in</td>\n						<td>1.9cm</td>\n					</tr>\n					<tr>\n						<td><strong>Bottom margin</strong></td>\n						<td>0.75in</td>\n						<td>1.9cm</td>\n					</tr>\n					<tr>\n						<td><strong>Text width</strong></td>\n						<td>7.0in</td>\n						<td>17.78cm</td>\n					</tr>\n					<tr>\n						<td><strong>Text height</strong></td>\n						<td>9.5in</td>\n						<td>24.13cm</td>\n					</tr>\n					<tr>\n						<td><strong>Column width</strong></td>\n						<td>3.4in</td>\n						<td>8.63cm</td>\n					</tr>\n					<tr>\n						<td><strong>Column separation</strong></td>\n						<td>0.2in</td>\n						<td>0.5cm</td>\n					</tr>\n				</tbody>\n			</table>\n			</td>\n			<td>&nbsp;</td>\n			<td style=\"vertical-align:top\">\n			<table>\n				<tbody>\n					<tr>\n						<td colspan=\"2\"><strong>Font Settings</strong></td>\n					</tr>\n					<tr>\n						<td><strong>Title</strong></td>\n						<td>16pt</td>\n					</tr>\n					<tr>\n						<td><strong>Author list</strong></td>\n						<td>11pt</td>\n					</tr>\n					<tr>\n						<td><strong>Section titles</strong></td>\n						<td>10pt</td>\n					</tr>\n					<tr>\n						<td><strong>Normal text</strong></td>\n						<td>10pt</td>\n					</tr>\n					<tr>\n						<td><strong>Table/Figure captions</strong></td>\n						<td>10pt</td>\n					</tr>\n					<tr>\n						<td><strong>Sub-scripts</strong></td>\n						<td>8pt</td>\n					</tr>\n					<tr>\n						<td><strong>Sub-sub-scripts</strong></td>\n						<td>7pt</td>\n					</tr>\n					<tr>\n						<td><strong>Footnotes</strong></td>\n						<td>8pt</td>\n					</tr>\n				</tbody>\n			</table>\n			</td>\n		</tr>\n	</tbody>\n</table>\n\n<p>.</p>\n\n<table border=\"0\" style=\"width:98%\">\n	<tbody>\n		<tr>\n			<th><a name=\"latex\">LaTeX Support</a></th>\n		</tr>\n		<tr>\n			<td>1.&nbsp;Authors who intend to typeset their manuscripts using LaTeX should download the following style and instruction files:<br />\n			- The zipped file&nbsp;<a href=\"http://controls.papercept.net/conferences/support/files/ieeeconf.zip\" target=\"_blank\">ieeeconf.zip</a>&nbsp;which contains the LaTeX class file ieeeconf.cls, a sample LaTeX source file root.tex and its compiled document root.pdf.<br />\n			- The zipped file&nbsp;<a href=\"http://controls.papercept.net/conferences/support/files/IEEEtranBST.zip\" target=\"_blank\">IEEEtranBST.zip</a>&nbsp;which contains BiBTeX styles and examples.<br />\n			- A guide to using ieeeconf.cls&nbsp;<a href=\"http://controls.papercept.net/conferences/support/files/IEEEtranBST.zip\" target=\"_blank\">IEEEtran_HOWTO.pdf</a>.<br />\n			<br />\n			2. The latest versions of&nbsp;<a href=\"http://www.miktex.org/\" target=\"_blank\">MikTeX</a>&nbsp;(2.9 for Windows) or&nbsp;<a href=\"http://www.tug.org/texlive\" target=\"_blank\">TeX Live</a>&nbsp;(2015 for Windows, Linux,&nbsp;<a href=\"http://www.cygwin.com/\" target=\"_blank\">Cygwin</a>) are strongly recommended tools for typesetting using the supplied styles.<br />\n			3. To produce compliant PDFs,&nbsp;<a href=\"http://www.ghostscript.com/\" target=\"_blank\">Ghostscript</a>&nbsp;9.15 or higher is recommended. Linux or Cygwin users may also use this&nbsp;<a href=\"http://www.twtasse.org/icsse2016/data/dvipdfltr\" target=\"_blank\">shell script</a>&nbsp;to produce compliant PDFs.<br />\n			4. Do not encrypt nor password-protect your PDF.</td>\n		</tr>\n		<tr>\n			<td>&nbsp;</td>\n		</tr>\n		<tr>\n			<th><a name=\"msword\">MS Word Support</a></th>\n		</tr>\n		<tr>\n			<td>1. Authors who intend to typeset their manuscripts using Microsoft Word should download the following template:<br />\n			- MS Word template&nbsp;<a href=\"http://icsse2017.hcmute.edu.vn/Resources/Docs/SubDomain/icsse2017/ieeeconf_letter.doc\" target=\"_blank\">ieeeconf_letter.doc</a>&nbsp;for US Letter paper<br />\n			<br />\n			2. Microsoft Word 2010 or later is strongly recommended for typesetting in IEEE Xplore-compliant format.<br />\n			3. To produce compliant PDFs, use the &quot;Save as PDF&quot; feature which is built into MS Office 2010. Make sure that the following options are selected:<br />\n			-&nbsp;Optimize for: Standard (publishing online and printing)<br />\n			- Options &gt; PDF options &gt; Bitmap text when fonts may not be embedded<br />\n			<br />\n			4. Do not encrypt nor password-protect your PDF.</td>\n		</tr>\n	</tbody>\n</table>\n','2018-03-19 00:00:00','2018-03-19 00:00:00',NULL,6,'submission',1),(7,'<p><a href=\"http://icsse2017.hcmute.edu.vn/?ArticleId=707e0e24-5220-4821-a40f-4041eb76cc1a\">REGISTRATION&nbsp;</a></p>\n\n<p><br />\n<strong>PAYMENT INSTRUCTIONS</strong><br />\n<br />\n&nbsp;</p>\n\n<p>REGISTRATION FORM</p>\n\n<p><br />\nBefore you proceed with payment, you must fill in an ICSSE 2017 Registration Form. Check all items that you wish to purchase.<br />\n<br />\n<strong>1</strong>.&nbsp;<strong>Click below&nbsp;button to fill&nbsp;ICSSE 2017&nbsp;<a href=\"https://goo.gl/forms/UZnb3jahWfyK6bSy1\" target=\"_blank\">Registration Form</a>&nbsp;</strong></p>\n\n<p><strong><strong><a href=\"https://goo.gl/forms/UZnb3jahWfyK6bSy1\" target=\"_blank\">\r\n<img alt=\"\"  height=\"50\" width=\"150\" width=\"auto\" src=\"http://icsse2017.hcmute.edu.vn/Resources/Images/SubDomain/icsse2017/CLICK-HERE-TO-REGISTER-ONLINE.png\" /></a></strong></strong></p>\n\n<p><br />\n<strong>2.&nbsp;<a href=\"http://icsse2017.hcmute.edu.vn/Resources/Docs/SubDomain/icsse2017/ieeecopyrightform_ICSSE2017_paper.doc\">Click here to download&nbsp;the IEEE Copyright Form</a></strong><br />\n<br />\n<br />\n<strong>MODES OF PAYMENT</strong></p>\n\n<p><br />\n<strong><strong>PAYMENT BY BANK TRANSFER:</strong></strong></p>\n\n<p>Please transfer the fee to the following bank account&nbsp;(Conference fee do NOT include bank transfer cost):<br />\n<br />\n<strong>Payee Name:&nbsp;</strong>TRUONG DAI HOC SU PHAM KY THUAT TP.HCM<br />\n<strong>Payee Address:&nbsp;</strong>01, VO VAN NGAN, THU DUC, HO CHI MINH CITY, VIETNAM<br />\n<strong>Bank name:&nbsp;</strong>BIDV - CN DONG SAI GON - TP.HCM<br />\n<strong>Bank account number:</strong> <strong>&nbsp;</strong>31410001274780 (in VND) or 31410370006124 &nbsp;(in USD)<br />\n<strong>Bank SWIFTCODE:</strong> BIDVVNVX<br />\n<strong>PAYMENT REASON:</strong> ICSSE 2017, Full Name:....., Paper No:...., Amount paid:.....<br />\n<br />\n<br />\n<strong>ONLINE PAYMENT&nbsp;(only support credit cards and other bank account that have been issued in Vietnam. We are sorry about this incovenience)</strong><br />\n&nbsp;</p>\n\n<p><strong><a href=\"http://icsse2017.hcmute.edu.vn/?ModuleId=3252393f-2409-4561-932a-d7c166e96053\" target=\"_blank\">\r\n<img alt=\"\" heigth=\"100\" width=\"200\" src=\"http://icsse2017.hcmute.edu.vn/Resources/Images/SubDomain/icsse2017/Pay%20online.jpg\" /></a></strong></p>\n\n<p>&nbsp;</p>\n\n<p>&nbsp;</p>\n\n<p>&nbsp;</p>\n\n<p><strong>REGISTRATION FEES</strong></p>\n\n<p>&nbsp;</p>\n\n<table border=\"0\" cellpadding=\"0\" style=\"width:100%\">\n	<tbody>\n		<tr>\n			<td>\n			<p><strong>CATEGORY</strong></p>\n			</td>\n			<td>\n			<p><strong>REQUIRED</strong></p>\n			</td>\n			<td>\n			<p><strong>EARLY BIRD RATE&nbsp;<br />\n			(By May 25)</strong></p>\n			</td>\n			<td>\n			<p><strong>STANDARD RATE<br />\n			(AFTER May 25)</strong></p>\n			</td>\n		</tr>\n		<tr>\n			<td>\n			<p>Regular registration</p>\n			</td>\n			<td>\n			<p>&nbsp;</p>\n			</td>\n			<td>\n			<p>VND 9,080,000</p>\n\n			<p>(USD 400)</p>\n			</td>\n			<td>\n			<p>VND 10,670,000</p>\n\n			<p>&nbsp;(USD 470)</p>\n			</td>\n		</tr>\n		<tr>\n			<td>\n			<p>Student registration<br />\n			(Excludes Welcome dinner, Banquet and Tour)</p>\n			</td>\n			<td>\n			<p>&nbsp;<strong>Student must be first author</strong></p>\n			</td>\n			<td>\n			<p>VND 4,540,000</p>\n\n			<p>(USD 200)</p>\n			</td>\n			<td>\n			<p>VND 5,500,000</p>\n\n			<p>(USD 250)</p>\n			</td>\n		</tr>\n		<tr>\n			<td>\n			<p>Over-length page charge<br />\n			(Max. 2 pages/paper)</p>\n			</td>\n			<td>\n			<p>Each additional page</p>\n			</td>\n			<td>\n			<p>VND 2,270,000</p>\n\n			<p>(USD 100)</p>\n			</td>\n			<td>\n			<p>VND 2,270,000</p>\n\n			<p>(USD 100)</p>\n			</td>\n		</tr>\n		<tr>\n			<td>\n			<p>Additional publication fee<br />\n			(Limited to 1 extra paper/registration)</p>\n			</td>\n			<td>\n			<p>Each additional paper</p>\n			</td>\n			<td>\n			<p>VND 5,670,000</p>\n\n			<p>(USD 250)</p>\n			</td>\n			<td>\n			<p>VND 5,670,000</p>\n\n			<p>(USD 250)</p>\n			</td>\n		</tr>\n		<tr>\n			<td>\n			<p>Additional banquet ticket</p>\n			</td>\n			<td>\n			<p>Each additional ticket</p>\n			</td>\n			<td>\n			<p>VND 1,700,000</p>\n\n			<p>(USD 75)</p>\n			</td>\n			<td>\n			<p>VND 1,700,000</p>\n\n			<p>(USD 75)</p>\n			</td>\n		</tr>\n		<tr>\n			<td>\n			<p>Additional welcome dinner ticket</p>\n			</td>\n			<td>\n			<p>Each additional ticket</p>\n			</td>\n			<td>\n			<p>VND 1,000,000</p>\n\n			<p>(USD 45)</p>\n			</td>\n			<td>\n			<p>VND 1,000,000</p>\n\n			<p>(USD 45)</p>\n			</td>\n		</tr>\n	</tbody>\n</table>\n\n<p>&nbsp;</p>\n\n<p><strong>&nbsp;REGISTRATION POLICIES</strong></p>\n\n<p>&nbsp;</p>\n\n<p>1. For each paper, at least one author must pay a Regular Registration fee by May 25 accompanied with the paper Submission Number. Each Regular Registration allows final submission of one paper, plus an additional paper for an Additional Publication Fee of VND 5,670,000 (USD 250).<br />\n&nbsp;</p>\n\n<p>2. An uploaded final manuscript will be included in the conference technical program only after full payment of the Regular Registration fee, or an Additional Publication Fee if applicable. Upload of an over-length paper is allowed only after payment of the applicable extra-page charge.<br />\n&nbsp;</p>\n\n<p>3. All final versions of accepted papers are limited to&nbsp;<strong>four-six (4-6)</strong>&nbsp;US letter-size double-column pages at no extra charge. Authors may upload over-length papers up to a maximum of eight (8) pages. However, an extra-page charge of VND 2,270,000 (USD 100) per page will be levied on&nbsp;<strong>the seventh and&nbsp;eighth&nbsp;pages</strong>.<br />\n&nbsp;</p>\n\n<p>4. Each Regular Registration includes 1 special gift, 1 welcome dinner, 1 banquet ticket, 1 conference digest, 1 CD-ROM (or USB drive) proceedings, and access to all sessions, lunches, coffee breaks.<br />\n&nbsp;</p>\n\n<p>5. Each student registration includes all of the items in regular registration except welcome dinner and banquet.<br />\n&nbsp;</p>\n\n<p>6. Student Registration:&nbsp;<br />\n<strong>- Student must be the first author of paper</strong><br />\n-&nbsp;To qualify for the student rate, a proof of current full-time student status (i.e., a copy of student card or certification from university) will be required.</p>\n','2018-03-19 00:00:00','2018-03-19 00:00:00',NULL,7,'registration',1),(8,'<p><br />\r\n<strong>*****&nbsp;KEYNOTE SPEAKERS&nbsp;*****</strong><br />\r\n&nbsp;</p>\r\n\r\n<table>\r\n	<tbody>\r\n		<tr>\r\n			<td><strong><strong>Title:&nbsp;Data Mining and Machine Learning for Analysis of Network Traffic</strong></strong></td>\r\n		</tr>\r\n	</tbody>\r\n</table>\r\n\r\n<p><strong>Prof.&nbsp;</strong><strong>Ljiljana Trajkovic</strong><br />\r\nSchool of Engineering Science<br />\r\nSimon Fraser University, Canada<br />\r\nEmail: ljilja@sfu.ca<br />\r\n<br />\r\n<strong>Abstract:</strong><br />\r\nCollection and analysis of data from deployed networks is essential for understanding modern communication networks. Data mining and statistical analysis of network data are often employed to determine traffic loads, analyze patterns of users&#39; behavior, and predict future network traffic while various machine learning techniques proved valuable for predicting anomalous traffic behavior. In described case studies, traffic traces collected from various deployed networks and the Internet are used to characterize and model network traffic, analyze Internet topologies, and classify network anomalies.<br />\r\n<br />\r\n<strong>About the Speaker:</strong></p>\r\n\r\n<table>\r\n	<tbody>\r\n		<tr>\r\n			<td><img alt=\"\" src=\"https://www.sfu.ca/content/sfu/engineering/faculty-and-staff/faculty/ljiljana_trajkovic/jcr:content/main_content/image.img.2000.high.jpg/1420563224913.jpg\" />&nbsp;</td>\r\n			<td>\r\n			<p>Ljiljana Trajkovic received the Dipl. Ing. degree from University of Pristina, Yugoslavia, in 1974, the M.Sc. degrees in electrical engineering and computer engineering from Syracuse University, Syracuse, NY, in 1979 and 1981, respectively, and the Ph.D. degree in electrical engineering from University of California at Los Angeles, in 1986.<br />\r\n			&nbsp;</p>\r\n\r\n			<p>She is currently a Professor in the School of Engineering Science at Simon Fraser University, Burnaby, British Columbia, Canada. From 1995 to 1997, she was a National Science Foundation (NSF) Visiting Professor in the Electrical Engineering and Computer Sciences Department, University of California, Berkeley. She was a Research Scientist at Bell Communications Research, Morristown, NJ, from 1990 to 1997, and a Member of the Technical Staff at AT&amp;T Bell Laboratories, Murray Hill, NJ, from 1988 to 1990. Her research interests include high-performance communication networks, control of communication systems, computer-aided circuit analysis and design, and theory of nonlinear circuits and dynamical systems.</p>\r\n			</td>\r\n		</tr>\r\n		<tr>\r\n			<td colspan=\"2\"><br />\r\n			<strong>Dr. Trajkovic serves as Junior Past President (2016 - 2017) of the IEEE Systems, Man, and Cybernetics Society and served as President (2014 - 2015), President-Elect (2013), Vice President Publications (2012 - 2013 and 2010 - 2011), Vice President Long-Range Planning and Finance (2008 - 2009), and a Member at Large of its Board of Governors (2004 - 2006). She served as 2007 President of the IEEE Circuits and Systems Society. She was a member of the Board of Governors of the IEEE Circuits and Systems Society (2001 - 2003 and 2004 - 2005). She is Chair of the IEEE Circuits and Systems Society joint Chapter of the Vancouver/Victoria Sections. She was Chair of the IEEE Technical Committee on Nonlinear Circuits and Systems (1998). She is General Co-Chair of SMC 2016 and served as General Co-Chair of HPSR 2014, Technical Program Co-Chair of ISCAS 2005, and Technical Program Chair and Vice General Co-Chair of ISCAS 2004. She served as an Associate Editor of the IEEE Transactions on Circuits and Systems (Part I) (2004 - 2005 and 1993 - 1995), the IEEE Transactions on Circuits and Systems (Part II) (1999 - 2001 and 2002 - 2003), and the IEEE Circuits and Systems Magazine (2001 - 2003). She was a Distinguished Lecturer of the IEEE Circuits and Systems Society (2010 - 2011 and 2002 - 2003). She is a Professional Member of IEEE-HKN and a Fellow of the IEEE.</strong><br />\r\n			&nbsp;</td>\r\n		</tr>\r\n	</tbody>\r\n</table>\r\n\r\n<p><br />\r\n&nbsp;</p>\r\n\r\n<p>&nbsp;</p>\r\n\r\n<table>\r\n	<tbody>\r\n		<tr>\r\n			<td><strong>Title: Unknown input methods based observer and controller synthesis for uncertain nonlinear system</strong></td>\r\n		</tr>\r\n	</tbody>\r\n</table>\r\n\r\n<p><strong>Prof.&nbsp;Wen-June Wang</strong><br />\r\nDepartment of Electrical Engineering<br />\r\nNational Central University, Taiwan.<br />\r\nEmail: wjwang@cc.ncu.edu.tw<br />\r\n<br />\r\n<strong>Abstract:</strong></p>\r\n\r\n<p>Observer and controller design for a nonlinear system has been studied in the automatic control field for decades. However, if the nonlinear system is affected by the disturbance or/and uncertainty, this design work becomes much more difficult. In this talk, we will introduce the observer or/and controller synthesis for the uncertain nonlinear system which is represented as the T-S fuzzy system model, polynomial system model, and polynomial fuzzy system model, respectively. In these models, the exact form and the upper bound of the uncertainty can be unknown. Based on the unknown input method, the effect of the uncertainty or disturbance will be eliminated. Simultaneously, the observer can be synthesized with some conditions being satisfied. Furthermore, we also introduce the observer based controller synthesis for the uncertain polynomial system. In the study, the un-measurable states are estimated and the stability of the system is guaranteed. To deal with the above problems, the non-common quadratic Lyapunov function, Linear Matrix Inequality (LMI) technique, and Sum-of-Square (SOS) technique are used to derive the sufficient conditions for the observer and controller synthesis for the uncertain nonlinear system.</p>\r\n\r\n<p><br />\r\n<strong>About the Speaker:</strong></p>\r\n\r\n<table>\r\n	<tbody>\r\n		<tr>\r\n			<td><img alt=\"\" src=\"http://icsse2017.hcmute.edu.vn/Resources/Images/SubDomain/icsse2017/%E9%99%A2%E6%9B%BF%E6%88%91%E7%85%A7%E7%9A%84%E5%A4%A7%E9%A0%AD%E7%85%A7.jpg\" style=\"height:237px; width:200px\" />&nbsp;</td>\r\n			<td>\r\n			<p>Wen-June Wang received the B.S. Degree in the Department of Control Engineering from National Chiao-Tung University, Taiwan in 1980; and M.S. Degree in the Department of Electrical Engineering from Tatung University, Taiwan in 1984. Moreover, he received the Ph.D. degree in the Institute of Electronics from National Chiao-Tung University of Taiwan in 1987. Prof. Wang is presently a chair professor in the department of Electrical Engineering, National Central University, Taiwan. He was a visiting scholar for one year in the Department of Mechanical Engineering, Georgia Institute of Technology, USA in 1994 and a half year in University of Louisville, from September 2016 to February 2017. Furthermore, he was the Dean of the College of Science and Technology, National Chi Nan University, Puli, Taiwan from 2005 to 2007 and served as the Dean of Research and Development Office, National Taipei University of Technology, Taiwan from 2007 to 2009.</p>\r\n			</td>\r\n		</tr>\r\n		<tr>\r\n			<td colspan=\"2\">\r\n			<p><br />\r\n			Until today, Prof. Wang has published more than 159 journal papers and 155 conference papers. He also received three times of the Distinguished Research Award from the National Science Council of Taiwan. From 2003 to 2006, he is the convener of the Control Engineering Group of National Science Council in Taiwan.<br />\r\n			<br />\r\n			Prof. Wang was elected as an IEEE Fellow on 2008. He serves as a member of the editorial board of numerous journals including IEEE Trans. of Systems, Man, and Cybernetics Part-B, IEEE Trans. of Fuzzy Systems, and the International Journal of Electrical Engineers etc. He was selected as a Distinguish lecturer of IEEE Region 10 from 2012 on. He is now the editor in chief of the International Journal of Fuzzy Systems, Furthermore, Prof. Wang served as the Chairman of Taipei Chapter, IEEE Control Systems Society, from 1999 to 2001, and serves as the Chairman of Taipei Chapter, IEEE Systems, Man, and Cybernetics from 2006 to 2008. His research interests include the areas of fuzzy systems, control control, neural networks, robotics, and pattern recognition. etc..</p>\r\n			</td>\r\n		</tr>\r\n	</tbody>\r\n</table>\r\n','2018-03-19 07:00:00','2018-03-19 07:00:00',NULL,8,'keynote_speakers',1),(9,'<p><a href=\"http://icsse2017.hcmute.edu.vn/?ArticleId=77551148-3bae-4c1f-96bd-ea085b8d9ecf\">OFFICIAL PROGRAM OF ICSSE2017</a></p>\r\n\r\n<p><br />\r\nOFFICIAL&nbsp;PROGRAM OF&nbsp;ICSSE 2017&nbsp;<br />\r\n&nbsp;</p>\r\n\r\n<p><br />\r\n&nbsp;</p>\r\n\r\n<p><strong>PROGRAM OUTLINE</strong></p>\r\n\r\n<p><strong>&nbsp;</strong></p>\r\n\r\n<p><strong>IMPORTANT INFORMATION FOR ALL PARTICIPANTS</strong><br />\r\n<br />\r\nPlease wear your ICSSE 2017 Conference name tag at all times to gain admission to presentation in break-out rooms.<br />\r\n<br />\r\nName tags and tickets are required for Conference Gala Banquet.<br />\r\n<br />\r\nIf you need any formation about the conference, please ask the student helpers or committee members for assistance.</p>\r\n\r\n<p>&nbsp;</p>\r\n\r\n<p>&nbsp;</p>\r\n\r\n<p>&nbsp;</p>\r\n\r\n<p><strong>FRIDAY, JULY 21st&nbsp;2017</strong></p>\r\n\r\n<table border=\"1\" cellpadding=\"0\" cellspacing=\"0\" style=\"width:646px\">\r\n	<tbody>\r\n		<tr>\r\n			<td style=\"vertical-align:top\">\r\n			<p><strong>08:00am - 05:00pm</strong></p>\r\n			</td>\r\n			<td colspan=\"2\" style=\"vertical-align:top\">\r\n			<p><strong>Registration</strong></p>\r\n\r\n			<p>Venue: Conference Foyer , 6th&nbsp;Floor, The Center Building</p>\r\n			</td>\r\n		</tr>\r\n		<tr>\r\n			<td style=\"vertical-align:top\">\r\n			<p><strong>09:00am - 09:20am</strong></p>\r\n			</td>\r\n			<td colspan=\"2\" style=\"vertical-align:top\">\r\n			<p><strong>Opening Ceremony</strong></p>\r\n\r\n			<p>Venue: Room No. A1-602, 6th&nbsp;Floor, The Center Building</p>\r\n\r\n			<p><strong>Introduction</strong></p>\r\n\r\n			<p><strong>Opening Welcome</strong></p>\r\n			</td>\r\n		</tr>\r\n		<tr>\r\n			<td style=\"vertical-align:top\">\r\n			<p><strong>09:20am - 10:20am</strong></p>\r\n			</td>\r\n			<td colspan=\"2\" style=\"vertical-align:top\">\r\n			<p><strong>Keynote Address 1</strong></p>\r\n			</td>\r\n		</tr>\r\n		<tr>\r\n			<td style=\"vertical-align:top\">\r\n			<p><strong>10:20am - 10:40am</strong></p>\r\n			</td>\r\n			<td colspan=\"2\" style=\"vertical-align:top\">\r\n			<p><strong>Morning Tea</strong></p>\r\n\r\n			<p>Venue: Conference Foyer, 6th&nbsp;Floor, The Center Building</p>\r\n			</td>\r\n		</tr>\r\n		<tr>\r\n			<td rowspan=\"3\" style=\"vertical-align:top\">\r\n			<p><strong>10:40am - 12:00am</strong></p>\r\n			</td>\r\n			<td style=\"vertical-align:top\">\r\n			<p><strong>Breakout session No.1 (BS-1)</strong></p>\r\n\r\n			<p><em>Topic:&nbsp;</em><strong><em>Intelligent Healthcare System</em></strong></p>\r\n\r\n			<p><em>Venue: Room A1-1201</em></p>\r\n			</td>\r\n			<td style=\"vertical-align:top\">\r\n			<p><strong>Breakout session No.2 (BS-2)</strong></p>\r\n\r\n			<p><em>Topic:&nbsp;</em><strong><em>Fuzzy Systems and Applications</em></strong></p>\r\n\r\n			<p><em>Venue: Room A1-1202</em></p>\r\n			</td>\r\n		</tr>\r\n		<tr>\r\n			<td style=\"vertical-align:top\">\r\n			<p><strong>Breakout session No.3 (BS-3)</strong></p>\r\n\r\n			<p><em>Topic:&nbsp;</em><strong><em>Power and Energy Systems</em></strong></p>\r\n\r\n			<p><em>Venue: Room A1-1203</em></p>\r\n			</td>\r\n			<td style=\"vertical-align:top\">\r\n			<p><strong>Breakout session No.4 (BS-4)</strong></p>\r\n\r\n			<p><em>Topic:&nbsp;</em><strong><em>Computer Science and Image Processing</em></strong></p>\r\n\r\n			<p><em>Venue: Room A1-1204</em></p>\r\n			</td>\r\n		</tr>\r\n		<tr>\r\n			<td style=\"vertical-align:top\">\r\n			<p><strong>Breakout session No.5 (BS-5)</strong></p>\r\n\r\n			<p><em>Topic:&nbsp;</em><strong><em>Mechatronics Engineering</em></strong></p>\r\n\r\n			<p><em>Venue: Room A1-1206</em></p>\r\n			</td>\r\n			<td style=\"vertical-align:top\">\r\n			<p><strong>Breakout session No.6 (BS-6)</strong></p>\r\n\r\n			<p><em>Topic:&nbsp;</em><strong><em>Mechanical and Automotive Engineering</em></strong></p>\r\n\r\n			<p><em>Venue: Room A1-1207</em></p>\r\n			</td>\r\n		</tr>\r\n		<tr>\r\n			<td style=\"vertical-align:top\">\r\n			<p><strong>12:00am - 01:30am</strong></p>\r\n			</td>\r\n			<td colspan=\"2\" style=\"vertical-align:top\">\r\n			<p><strong>Lunch break</strong></p>\r\n\r\n			<p>Venue: Conference Foyer, 6th&nbsp;Floor, The Center Building</p>\r\n			</td>\r\n		</tr>\r\n		<tr>\r\n			<td style=\"vertical-align:top\">\r\n			<p><strong>01:30pm - 03:30pm</strong></p>\r\n			</td>\r\n			<td colspan=\"2\" style=\"vertical-align:top\">\r\n			<p><strong>Breakout sessions (BS-1 to BS-6)</strong></p>\r\n\r\n			<p><em>Topics and Venues: Same as morning</em></p>\r\n			</td>\r\n		</tr>\r\n		<tr>\r\n			<td style=\"vertical-align:top\">\r\n			<p><strong>03:30pm - 03:45pm</strong></p>\r\n			</td>\r\n			<td colspan=\"2\" style=\"vertical-align:top\">\r\n			<p><strong>Afternoon Tea</strong></p>\r\n\r\n			<p>Venue: At session sites, respectively</p>\r\n			</td>\r\n		</tr>\r\n		<tr>\r\n			<td style=\"vertical-align:top\">\r\n			<p><strong>03:45pm - 05:25pm</strong></p>\r\n			</td>\r\n			<td colspan=\"2\" style=\"vertical-align:top\">\r\n			<p><strong>Breakout sessions (BS-1 to BS-6)</strong></p>\r\n\r\n			<p><em>Topics and Venues: Same as morning</em></p>\r\n			</td>\r\n		</tr>\r\n		<tr>\r\n			<td style=\"vertical-align:top\">\r\n			<p><strong>06:00pm - 08:00pm</strong></p>\r\n			</td>\r\n			<td colspan=\"2\" style=\"vertical-align:top\">\r\n			<p><strong>Welcome dinner</strong></p>\r\n\r\n			<p>Venue: Kim Dung Restaurant, No. 02, Dang Van Bi Street, Thu Duc District, HCMC</p>\r\n			</td>\r\n		</tr>\r\n	</tbody>\r\n</table>\r\n\r\n<p>&nbsp;</p>\r\n\r\n<p><br />\r\n<strong>SATURDAY, JULY 22nd&nbsp;2017</strong></p>\r\n\r\n<table border=\"1\" cellpadding=\"0\" cellspacing=\"0\" style=\"width:649px\">\r\n	<tbody>\r\n		<tr>\r\n			<td style=\"vertical-align:top\">\r\n			<p><strong>09:00am - 09:20am</strong></p>\r\n			</td>\r\n			<td colspan=\"2\" style=\"vertical-align:top\">\r\n			<p><strong>Registration</strong></p>\r\n\r\n			<p>Venue: Conference Foyer, 6th&nbsp;Floor, The Center Building</p>\r\n			</td>\r\n		</tr>\r\n		<tr>\r\n			<td style=\"vertical-align:top\">\r\n			<p><strong>09:20am - 10:20am</strong></p>\r\n			</td>\r\n			<td colspan=\"2\" style=\"vertical-align:top\">\r\n			<p><strong>Keynote Address 2</strong></p>\r\n\r\n			<p>Venue: Room No. A1-602, 6th&nbsp;Floor, The Center Building</p>\r\n			</td>\r\n		</tr>\r\n		<tr>\r\n			<td style=\"vertical-align:top\">\r\n			<p><strong>10:20am - 10:40am</strong></p>\r\n			</td>\r\n			<td colspan=\"2\" style=\"vertical-align:top\">\r\n			<p><strong>Morning Tea</strong></p>\r\n\r\n			<p>Venue: Conference Foyer , 6th&nbsp;Floor, The Center Building</p>\r\n			</td>\r\n		</tr>\r\n		<tr>\r\n			<td rowspan=\"3\" style=\"vertical-align:top\">\r\n			<p><strong>10:40am - 12:00am</strong></p>\r\n			</td>\r\n			<td style=\"vertical-align:top\">\r\n			<p><strong>Breakout session No.7 (BS-7)</strong></p>\r\n\r\n			<p><em>Topic:&nbsp;</em><strong><em>Automation Engineering</em></strong></p>\r\n\r\n			<p><em>Venue: Room A1-1201</em></p>\r\n			</td>\r\n			<td style=\"vertical-align:top\">\r\n			<p><strong>Breakout session No.8 (BS-8)</strong></p>\r\n\r\n			<p><em>Topic:</em><strong><em>&nbsp;Communication and Electronics Engineering</em></strong></p>\r\n\r\n			<p><em>Venue: Room A1-1202</em></p>\r\n			</td>\r\n		</tr>\r\n		<tr>\r\n			<td style=\"vertical-align:top\">\r\n			<p><strong>Breakout session No.9 (BS-9)</strong></p>\r\n\r\n			<p><em>Topic:&nbsp;</em><strong><em>Industrial Engineering and Management</em></strong></p>\r\n\r\n			<p><em>Venue: Room A1-1204</em></p>\r\n			</td>\r\n			<td style=\"vertical-align:top\">\r\n			<p><strong>Breakout session No.10 (BS-10)</strong></p>\r\n\r\n			<p><em>Topic:&nbsp;</em><strong><em>Applied Physics and Thermal Engineering</em></strong></p>\r\n\r\n			<p><em>Venue: Room A1-1206</em></p>\r\n			</td>\r\n		</tr>\r\n		<tr>\r\n			<td>\r\n			<p><strong>Breakout session No.11 (BS-11)</strong></p>\r\n\r\n			<p><em>Topic:&nbsp;</em><strong><em>Electrical Engineering</em></strong></p>\r\n\r\n			<p><em>Venue: Room A1-1207</em></p>\r\n			</td>\r\n			<td>\r\n			<p>&nbsp;</p>\r\n			</td>\r\n		</tr>\r\n		<tr>\r\n			<td style=\"vertical-align:top\">\r\n			<p><strong>12:00am - 01:30pm</strong></p>\r\n			</td>\r\n			<td colspan=\"2\" style=\"vertical-align:top\">\r\n			<p><strong>Lunch break</strong></p>\r\n\r\n			<p>Venue: Conference Foyer, 6th&nbsp;Floor, The Center Building</p>\r\n			</td>\r\n		</tr>\r\n		<tr>\r\n			<td style=\"vertical-align:top\">\r\n			<p><strong>01:30pm - 03:30pm</strong></p>\r\n			</td>\r\n			<td colspan=\"2\" style=\"vertical-align:top\">\r\n			<p><strong>Breakout sessions (BS-7 to BS-11)</strong></p>\r\n\r\n			<p><em>Topics and Venues: Same as morning</em></p>\r\n			</td>\r\n		</tr>\r\n		<tr>\r\n			<td style=\"vertical-align:top\">\r\n			<p><strong>03:30pm - 03:45pm</strong></p>\r\n			</td>\r\n			<td colspan=\"2\" style=\"vertical-align:top\">\r\n			<p><strong>Afternoon Tea</strong></p>\r\n\r\n			<p>Venue: At session sites, respectively</p>\r\n			</td>\r\n		</tr>\r\n		<tr>\r\n			<td style=\"vertical-align:top\">\r\n			<p><strong>03:45pm - 05:25pm</strong></p>\r\n			</td>\r\n			<td colspan=\"2\" style=\"vertical-align:top\">\r\n			<p><strong>Breakout sessions (BS-7 to BS-11)</strong></p>\r\n\r\n			<p><em>Topics and Venues: Same as morning</em></p>\r\n			</td>\r\n		</tr>\r\n		<tr>\r\n			<td style=\"vertical-align:top\">\r\n			<p><strong>06:00pm - 08:00pm</strong></p>\r\n			</td>\r\n			<td colspan=\"2\" style=\"vertical-align:top\">\r\n			<p><strong>Gala Banquet dinner</strong></p>\r\n\r\n			<p>Venue: Sesan Restaurant, No. 14, Einstein Street, Binh Tho Ward, Thu Duc District, &nbsp;HCMC</p>\r\n\r\n			<p><em>The best paper awards to be delivered at the Gala Banquet</em></p>\r\n			</td>\r\n		</tr>\r\n	</tbody>\r\n</table>\r\n\r\n<p>&nbsp;</p>\r\n\r\n<p><strong>&nbsp;</strong></p>\r\n\r\n<p>&nbsp;</p>\r\n\r\n<p><strong>SUNDAY, JULY 23rd&nbsp;2017</strong></p>\r\n\r\n<table border=\"1\" cellpadding=\"0\" cellspacing=\"0\" style=\"width:649px\">\r\n	<tbody>\r\n		<tr>\r\n			<td style=\"vertical-align:top\">\r\n			<p><strong>08:00am</strong></p>\r\n			</td>\r\n			<td style=\"vertical-align:top\">\r\n			<p><strong>Ho Chi Minh City tour</strong></p>\r\n\r\n			<p>Venue: Ho Chi Minh City</p>\r\n			</td>\r\n		</tr>\r\n	</tbody>\r\n</table>\r\n\r\n<p>&nbsp;</p>\r\n\r\n<p>&nbsp;</p>\r\n\r\n<p><strong>DETAILED CONFERENCE PROGRAM</strong></p>\r\n\r\n<p><strong>&nbsp;</strong></p>\r\n\r\n<p><strong>FRIDAY, JULY 21st&nbsp;2017</strong></p>\r\n\r\n<p><strong>08:00am</strong>&nbsp;&nbsp;&nbsp;&nbsp;&nbsp;<strong>Registration</strong></p>\r\n\r\n<p>&nbsp;&nbsp;&nbsp;&nbsp;&nbsp;&nbsp;&nbsp;&nbsp;&nbsp;&nbsp;&nbsp;&nbsp;&nbsp;&nbsp;&nbsp;&nbsp;&nbsp;&nbsp;&nbsp;&nbsp;Venue: Conference Foyer, 6th&nbsp;Floor, The Center Building</p>\r\n\r\n<p><strong>09:00am</strong>&nbsp;&nbsp;&nbsp;&nbsp;&nbsp;<strong>Opening Ceremony</strong></p>\r\n\r\n<p><strong>&nbsp;&nbsp;&nbsp;&nbsp;&nbsp;&nbsp;&nbsp;&nbsp;&nbsp;&nbsp;&nbsp;&nbsp;&nbsp;&nbsp;&nbsp;&nbsp;&nbsp;&nbsp;&nbsp;&nbsp;</strong>Venue:&nbsp;Room No. A1-602, 6th&nbsp;Floor, The Center Building</p>\r\n\r\n<p><strong>&nbsp;&nbsp;&nbsp;&nbsp;&nbsp;&nbsp;&nbsp;&nbsp;&nbsp;&nbsp;&nbsp;&nbsp;&nbsp;&nbsp;&nbsp;&nbsp;&nbsp;&nbsp;&nbsp;&nbsp;</strong><strong>Introduction</strong></p>\r\n\r\n<p><strong><em>&nbsp;&nbsp;&nbsp;&nbsp;&nbsp;&nbsp;&nbsp;&nbsp;&nbsp;&nbsp;&nbsp;&nbsp;&nbsp;&nbsp;&nbsp;&nbsp;&nbsp;&nbsp;&nbsp;&nbsp;&nbsp;&nbsp;&nbsp;&nbsp;Dr. Nguyen Vu Lan</em></strong>, Deputy Head of International Affairs Office, HCMUTE</p>\r\n\r\n<p><strong>&nbsp;&nbsp;&nbsp;&nbsp;&nbsp;&nbsp;&nbsp;&nbsp;&nbsp;&nbsp;&nbsp;&nbsp;&nbsp;&nbsp;&nbsp;&nbsp;&nbsp;&nbsp;&nbsp;&nbsp;</strong><strong>Opening Welcome</strong></p>\r\n\r\n<p><strong><em>&nbsp;&nbsp;&nbsp;&nbsp;&nbsp;&nbsp;&nbsp;&nbsp;&nbsp;&nbsp;&nbsp;&nbsp;&nbsp;&nbsp;&nbsp;&nbsp;&nbsp;&nbsp;&nbsp;&nbsp;&nbsp;&nbsp;&nbsp;&nbsp;Prof. Dr. Do Van Dung</em></strong>, President,&nbsp;HCMUTE, Vietnam</p>\r\n\r\n<p><strong><em>&nbsp;&nbsp;&nbsp;&nbsp;&nbsp;&nbsp;&nbsp;&nbsp;&nbsp;&nbsp;&nbsp;&nbsp;&nbsp;&nbsp;&nbsp;&nbsp;&nbsp;&nbsp;&nbsp;&nbsp;&nbsp;&nbsp;&nbsp;&nbsp;Prof. Dr. Yo-Ping Huang</em></strong>,<strong><em>&nbsp;</em></strong>National Taipei University of Technology, Taiwan</p>\r\n\r\n<p>&nbsp;&nbsp;&nbsp;&nbsp;&nbsp;&nbsp;&nbsp;&nbsp;&nbsp;&nbsp;&nbsp;&nbsp;&nbsp;&nbsp;&nbsp;&nbsp;&nbsp;&nbsp;&nbsp;&nbsp;&nbsp;&nbsp;&nbsp;&nbsp;President, Taiwan Association of Systems Science and Engineering<br />\r\nChair, IEEE SMC Taipei Chapter, Taiwan</p>\r\n\r\n<p><strong>&nbsp;&nbsp;&nbsp;&nbsp;&nbsp;&nbsp;&nbsp;&nbsp;&nbsp;&nbsp;&nbsp;&nbsp;&nbsp;&nbsp;&nbsp;&nbsp;&nbsp;&nbsp;&nbsp;&nbsp;</strong><strong>Guests of Honors</strong></p>\r\n\r\n<p><strong><em>&nbsp;&nbsp;&nbsp;&nbsp;&nbsp;&nbsp;&nbsp;&nbsp;&nbsp;&nbsp;&nbsp;&nbsp;&nbsp;&nbsp;&nbsp;&nbsp;&nbsp;&nbsp;&nbsp;&nbsp;&nbsp;&nbsp;&nbsp;&nbsp;Prof. Dr. Bui Van Ga</em></strong>, Deputy Minister, Ministry of Education and Training, Vietnam</p>\r\n\r\n<p><strong>&nbsp;&nbsp;&nbsp;&nbsp;&nbsp;&nbsp;&nbsp;&nbsp;&nbsp;&nbsp;&nbsp;&nbsp;&nbsp;&nbsp;&nbsp;&nbsp;&nbsp;&nbsp;&nbsp;&nbsp;</strong><strong>Vote of Thanks</strong></p>\r\n\r\n<p><strong>&nbsp;&nbsp;&nbsp;&nbsp;&nbsp;&nbsp;&nbsp;&nbsp;&nbsp;&nbsp;&nbsp;&nbsp;&nbsp;&nbsp;&nbsp;&nbsp;&nbsp;&nbsp;&nbsp;&nbsp;&nbsp;&nbsp;&nbsp;&nbsp;<em>Dr. Ngo Van Thuyen</em></strong>, University Council Chairman,&nbsp;HCMUTE, Vietnam</p>\r\n\r\n<p><strong>09:20am</strong>&nbsp;&nbsp;&nbsp;&nbsp;&nbsp;<strong>Keynote Address</strong></p>\r\n\r\n<p><strong><em>&nbsp;&nbsp;&nbsp;&nbsp;&nbsp;&nbsp;&nbsp;&nbsp;&nbsp;&nbsp;&nbsp;&nbsp;&nbsp;&nbsp;&nbsp;&nbsp;&nbsp;&nbsp;&nbsp;&nbsp;</em></strong>Venue:&nbsp;Room No. A1-602, 6th&nbsp;Floor, The Center Building<br />\r\n<strong>&nbsp;&nbsp;&nbsp;&nbsp;&nbsp;&nbsp;&nbsp;&nbsp;&nbsp;&nbsp;&nbsp;&nbsp;&nbsp;&nbsp;&nbsp;&nbsp;&nbsp;&nbsp;&nbsp; Keynote Address 1</strong><strong>:&nbsp;</strong><strong>Data Mining and Machine Learning for Analysis of Network Traffic</strong></p>\r\n\r\n<p><strong><em>&nbsp;&nbsp;&nbsp;&nbsp;&nbsp;&nbsp;&nbsp;&nbsp;&nbsp;&nbsp;&nbsp;&nbsp;&nbsp;&nbsp;&nbsp;&nbsp;&nbsp;&nbsp;&nbsp;&nbsp;&nbsp;&nbsp;&nbsp;&nbsp;Prof. Dr.&nbsp;</em></strong><strong><em>Ljiljana Trajkovic,&nbsp;</em></strong>School of Engineering Science,</p>\r\n\r\n<p>&nbsp;&nbsp;&nbsp;&nbsp;&nbsp;&nbsp;&nbsp;&nbsp;&nbsp;&nbsp;&nbsp;&nbsp;&nbsp;&nbsp;&nbsp;&nbsp;&nbsp;&nbsp;&nbsp;&nbsp;&nbsp;&nbsp;&nbsp;&nbsp;Simon Fraser University, Canada</p>\r\n\r\n<p><strong><em>&nbsp;&nbsp;&nbsp;&nbsp;&nbsp;&nbsp;&nbsp;&nbsp;&nbsp;&nbsp;&nbsp;&nbsp;&nbsp;&nbsp;&nbsp;&nbsp;&nbsp;&nbsp;&nbsp;&nbsp;&nbsp;&nbsp;&nbsp;&nbsp;Chair: Prof. Dr. Yo-Ping Huang,&nbsp;</em></strong>National Taipei University of Technology, Taiwan</p>\r\n\r\n<p><strong>10:20am&nbsp;&nbsp;&nbsp;&nbsp;&nbsp;Morning Tea</strong></p>\r\n\r\n<p>&nbsp;&nbsp;&nbsp;&nbsp;&nbsp;&nbsp;&nbsp;&nbsp;&nbsp;&nbsp;&nbsp;&nbsp;&nbsp;&nbsp;&nbsp;&nbsp;&nbsp;&nbsp;&nbsp;&nbsp;Venue: Conference Foyer, 6th&nbsp;Floor, The Center Building</p>\r\n\r\n<p><strong>10:40am - 05:25pm&nbsp;&nbsp;&nbsp;Paper Presentations - Breakout Sessions</strong></p>\r\n\r\n<p><strong>&nbsp;&nbsp;&nbsp;&nbsp;&nbsp;&nbsp;&nbsp;&nbsp;&nbsp;&nbsp;&nbsp;&nbsp;&nbsp;&nbsp;&nbsp;&nbsp;&nbsp;&nbsp;&nbsp;&nbsp;&nbsp;&nbsp;&nbsp;&nbsp;&nbsp;&nbsp;&nbsp;&nbsp;&nbsp;&nbsp;&nbsp;&nbsp;&nbsp;&nbsp;&nbsp;&nbsp;<em>(</em></strong><strong><em>12:00am - 01:30pm&nbsp;&nbsp;&nbsp;&nbsp;Lunch break</em></strong><strong><em>)</em></strong></p>\r\n\r\n<p><strong><em>&nbsp;&nbsp;&nbsp;&nbsp;&nbsp;&nbsp;&nbsp;&nbsp;&nbsp;&nbsp;&nbsp;&nbsp;&nbsp;&nbsp;&nbsp;&nbsp;&nbsp;&nbsp;&nbsp;&nbsp;&nbsp;&nbsp;&nbsp;&nbsp;&nbsp;&nbsp;&nbsp;&nbsp;&nbsp;&nbsp;&nbsp;&nbsp;&nbsp;&nbsp;&nbsp;&nbsp;(03:30pm - 03:45pm&nbsp;&nbsp;&nbsp;&nbsp;Afternoon Tea break)</em></strong></p>\r\n\r\n<p><strong>&nbsp;</strong></p>\r\n\r\n<p><strong>&nbsp;</strong></p>\r\n\r\n<p><strong>SATURDAY, JULY 22nd&nbsp;2017</strong></p>\r\n\r\n<p><strong>09:00am</strong>&nbsp;&nbsp;&nbsp;&nbsp;&nbsp;<strong>Registration</strong></p>\r\n\r\n<p>&nbsp;&nbsp;&nbsp;&nbsp;&nbsp;&nbsp;&nbsp;&nbsp;&nbsp;&nbsp;&nbsp;&nbsp;&nbsp;&nbsp;&nbsp;&nbsp;&nbsp;&nbsp;&nbsp;&nbsp;Venue: Conference Foyer,&nbsp;6th&nbsp;Floor, The Center Building</p>\r\n\r\n<p><strong>09:20am</strong>&nbsp;&nbsp;&nbsp;&nbsp;&nbsp;<strong>Keynote Address</strong></p>\r\n\r\n<p><strong><em>&nbsp;&nbsp;&nbsp;&nbsp;&nbsp;&nbsp;&nbsp;&nbsp;&nbsp;&nbsp;&nbsp;&nbsp;&nbsp;&nbsp;&nbsp;&nbsp;&nbsp;&nbsp;&nbsp;&nbsp;</em></strong>Venue:Room No. A1-602, 6th&nbsp;Floor, The Center Building<br />\r\n&nbsp;&nbsp;&nbsp;&nbsp;&nbsp;&nbsp;&nbsp;&nbsp;&nbsp;&nbsp;&nbsp;&nbsp;&nbsp;<strong>Keynote Address 2</strong><strong>:&nbsp;</strong><strong>Unknown input methods based observer and controller synthesis for uncertain nonlinear systems</strong></p>\r\n\r\n<p><strong><em>&nbsp;&nbsp;&nbsp;&nbsp;&nbsp;&nbsp;&nbsp;&nbsp;&nbsp;&nbsp;&nbsp;&nbsp;&nbsp;&nbsp;&nbsp;&nbsp;&nbsp;&nbsp;&nbsp;&nbsp;&nbsp;&nbsp;&nbsp;&nbsp;Prof. Dr. Wen-June Wang</em></strong></p>\r\n\r\n<p>&nbsp;&nbsp;&nbsp;&nbsp;&nbsp;&nbsp;&nbsp;&nbsp;&nbsp;&nbsp;&nbsp;&nbsp;&nbsp;&nbsp;&nbsp;&nbsp;&nbsp;&nbsp;&nbsp;&nbsp;&nbsp;&nbsp;&nbsp;&nbsp;Department of Electrical Engineering, National Central University, Taiwan,</p>\r\n\r\n<p><strong>&nbsp;&nbsp;&nbsp;&nbsp;&nbsp;&nbsp;&nbsp;&nbsp;&nbsp;&nbsp;&nbsp;&nbsp;&nbsp;&nbsp;&nbsp;&nbsp;&nbsp;&nbsp;&nbsp;&nbsp;&nbsp;&nbsp;&nbsp;&nbsp;<em>Chair: Assoc. Prof. Dr. Le Hieu Giang</em></strong><em>,&nbsp;</em>Vice President, HCMUTE, Vietnam</p>\r\n\r\n<p><strong>10:20am&nbsp;&nbsp;&nbsp;&nbsp;&nbsp;Morning Tea</strong></p>\r\n\r\n<p>&nbsp;&nbsp;&nbsp;&nbsp;&nbsp;&nbsp;&nbsp;&nbsp;&nbsp;&nbsp;&nbsp;&nbsp;&nbsp;&nbsp;&nbsp;&nbsp;&nbsp;&nbsp;&nbsp;&nbsp;Venue: Conference Foyer, 6th&nbsp;Floor, The Center Building</p>\r\n\r\n<p><strong>10:40am - 05:25pm&nbsp;&nbsp;&nbsp;Paper Presentations - Breakout Sessions</strong></p>\r\n\r\n<p><strong>&nbsp;&nbsp;&nbsp;&nbsp;&nbsp;&nbsp;&nbsp;&nbsp;&nbsp;&nbsp;&nbsp;&nbsp;&nbsp;&nbsp;&nbsp;&nbsp;&nbsp;&nbsp;&nbsp;&nbsp;&nbsp;&nbsp;&nbsp;&nbsp;&nbsp;&nbsp;&nbsp;&nbsp;&nbsp;&nbsp;&nbsp;&nbsp;&nbsp;&nbsp;&nbsp;&nbsp;<em>(</em></strong><strong><em>12:00am - 01:30pm&nbsp;&nbsp;&nbsp;&nbsp;Lunch break</em></strong><strong><em>)</em></strong></p>\r\n\r\n<p><strong><em>&nbsp;&nbsp;&nbsp;&nbsp;&nbsp;&nbsp;&nbsp;&nbsp;&nbsp;&nbsp;&nbsp;&nbsp;&nbsp;&nbsp;&nbsp;&nbsp;&nbsp;&nbsp;&nbsp;&nbsp;&nbsp;&nbsp;&nbsp;&nbsp;&nbsp;&nbsp;&nbsp;&nbsp;&nbsp;&nbsp;&nbsp;&nbsp;&nbsp;&nbsp;&nbsp;&nbsp;(03:30pm - 03:45pm&nbsp;&nbsp;&nbsp;&nbsp;Afternoon Tea break)</em></strong></p>\r\n\r\n<p>&nbsp;</p>\r\n\r\n<p><strong>PLEASE CLICK&nbsp;BELOW BUTTON&nbsp;TO DOWNLOAD DETAILED&nbsp;BREAKOUT SESSIONS PROGRAM</strong><br />\r\n<br />\r\n<a href=\"http://icsse2017.hcmute.edu.vn/Resources/Docs/SubDomain/icsse2017/ICSSE%202017%20Official%20Program.pdf\"><img alt=\"\" src=\"http://icsse2017.hcmute.edu.vn/Resources/Images/SubDomain/icsse2017/BUTTON.png\" /></a></p>\r\n\r\n<p><img alt=\"\" src=\"http://icsse2017.hcmute.edu.vn/Resources/Images/SubDomain/icsse2017/Unitag_QRCode_1498707978230.png\" /></p>\r\n\r\n<p><img alt=\"\" src=\"http://icsse2017.hcmute.edu.vn/Resources/Images/SubDomain/icsse2017/Scan%20icon.png\" /><br />\r\n<strong>Scan to download ICSSE2017 Program&nbsp;<br />\r\nto your cell phone</strong></p>\r\n','2018-03-19 00:00:00','2018-03-19 00:00:00',NULL,9,'program',1),(10,'<p><a href=\"http://icsse2017.hcmute.edu.vn/?ArticleId=4bf0e1a5-296a-412d-93ed-9b1638df7ed6\">ICSSE2017 Publication</a></p>\r\n\r\n<p><br />\r\n<br />\r\nAll&nbsp;accepted through a double blind reviewed process&nbsp;full papers will be published in electronically Proceedings with IEEE Catalog Number:<br />\r\n&nbsp;</p>\r\n\r\n<table>\r\n	<tbody>\r\n		<tr>\r\n			<td><strong>Media Type Requested &nbsp; &nbsp;</strong></td>\r\n			<td><strong>Part Number&nbsp;&nbsp;</strong></td>\r\n			<td><strong>ISBN&nbsp;</strong></td>\r\n			<td><strong>&nbsp;Print ISSN</strong></td>\r\n			<td><strong>&nbsp;Online ISSN</strong></td>\r\n		</tr>\r\n		<tr>\r\n			<td>&nbsp;XPLORE COMPLIANT</td>\r\n			<td>&nbsp;CFP1746J-ART</td>\r\n			<td>&nbsp;978-1-5386-3422-6 &nbsp;</td>\r\n			<td>&nbsp;</td>\r\n			<td>&nbsp;2325-0925</td>\r\n		</tr>\r\n		<tr>\r\n			<td>&nbsp;CD-ROM</td>\r\n			<td>&nbsp;CFP1746J-CDR</td>\r\n			<td>&nbsp;978-1-5386-3421-9</td>\r\n			<td>&nbsp;</td>\r\n			<td>&nbsp;</td>\r\n		</tr>\r\n	</tbody>\r\n</table>\r\n\r\n<p><br />\r\nAuthors will get an CD/USB Proceedings at the conference if they&nbsp;has completed registration and attent conference.<br />\r\n<br />\r\nAfter the conference, Committee will&nbsp;be sent all papers to IEEE to publish on IEEE&nbsp;XPLORE.<br />\r\n<br />\r\n<strong>ICSSE 2017 IEEE Xplore publication link:&nbsp;</strong><br />\r\n<a href=\"http://ieeexplore.ieee.org/xpl/mostRecentIssue.jsp?punumber=8024255\" target=\"_blank\">http://ieeexplore.ieee.org/xpl/mostRecentIssue.jsp?punumber=8024255</a></p>\r\n','2018-03-19 00:00:00','2018-03-19 00:00:00',NULL,10,'publication',1),(11,'<p><strong>CONFERENCE VENUE:</strong><br />\r\n<br />\r\nHo Chi Minh City University of Technology and Education<br />\r\nNo. 01 Vo Van Ngan Street, Thu Duc District, Ho Chi Minh City<br />\r\n<br />\r\n<img alt=\"\" src=\"http://icsse2017.hcmute.edu.vn/Resources/Images/SubDomain/icsse2017/HCMUTE.jpg\" style=\"height:600px; width:600px\" /><br />\r\n<br />\r\n<br />\r\n<br />\r\nWELCOME DINNER VENUE:<br />\r\n<br />\r\nKim Dung Restaurant&nbsp;<br />\r\nNo. 02, Dang Van Bi Street, Thu Duc District, Ho Chi Minh City<br />\r\n<br />\r\n<img alt=\"\" src=\"http://icsse2017.hcmute.edu.vn/Resources/Images/SubDomain/icsse2017/kim%20dung%201.png\" style=\"height:323px; width:600px\" /><br />\r\n<br />\r\n<img alt=\"\" src=\"http://icsse2017.hcmute.edu.vn/Resources/Images/SubDomain/icsse2017/kim%20dung%202.png\" style=\"height:400px; width:600px\" /><br />\r\n<br />\r\n<br />\r\nGALA BANQUET DINNER VENUE:<br />\r\n<br />\r\nSesan Restaurant&nbsp;<br />\r\nNo. 14, Einstein Street, Thu Duc District,&nbsp;Ho Chi Minh City<br />\r\n<a href=\"http://sesan.com.vn/\" target=\"_blank\">http://sesan.com.vn/</a><br />\r\n<br />\r\n<strong>The best paper awards to be delivered at the Gala Banquet</strong><br />\r\n<br />\r\n<img alt=\"\" src=\"http://icsse2017.hcmute.edu.vn/Resources/Images/SubDomain/icsse2017/Sesan%202.jpg\" /><br />\r\n<br />\r\n<img alt=\"\" src=\"http://icsse2017.hcmute.edu.vn/Resources/Images/SubDomain/icsse2017/Sesan%201.jpg\" style=\"height:423px; width:600px\" /><br />\r\n<br />\r\n<br />\r\n<strong>HO CHI MINH CITY TOUR</strong><br />\r\n<br />\r\nVenue:&nbsp;Gather at Ho Chi Minh City Opera House&nbsp;<br />\r\n&nbsp; &nbsp; &nbsp; &nbsp; &nbsp; &nbsp; No.7, Cong Truong Lam Son Street, District 1, HCMC<br />\r\n&nbsp; &nbsp; &nbsp; &nbsp; &nbsp; &nbsp;&nbsp;Departure: 08:00am&nbsp;<br />\r\n&nbsp;</p>\r\n\r\n<p><img alt=\"\" src=\"http://icsse2017.hcmute.edu.vn/Resources/Images/SubDomain/icsse2017/Nha%20hat%201.jpg\" style=\"height:450px; width:600px\" /></p>\r\n\r\n<p><br />\r\n<img alt=\"\" src=\"http://icsse2017.hcmute.edu.vn/Resources/Images/SubDomain/icsse2017/nha%20hat%203.jpg\" style=\"height:312px; width:600px\" /><br />\r\n<br />\r\n<strong>INFORMATION ABOUT HOTEL IN HO CHI MINH CITY</strong><br />\r\n<br />\r\n<strong>Please visit&nbsp;<a href=\"https://www.tripadvisor.co.uk/\" target=\"_blank\">https://www.tripadvisor.co.uk</a>&nbsp;to find out all information about hotel in HCMC.</strong></p>\r\n','2018-03-19 00:00:00','2018-03-19 00:00:00',NULL,11,'venue_and_hotel',1),(12,'<p><strong><a href=\"http://icsse2017.hcmute.edu.vn/?ArticleId=1b72fbf0-b88a-42b1-86cd-a213a7496e10\">icsse2017 photos gallery</a></strong></p>\r\n\r\n<p><br />\r\n&nbsp;</p>\r\n\r\n<p>Click below button to download ICSSE2017 photos:<br />\r\n&nbsp;</p>\r\n\r\n<p><a href=\"https://drive.google.com/open?id=0B6bYirEMSoOScWdncUEtYk51RDQ\" target=\"_blank\"><img alt=\"\" src=\"http://icsse2017.hcmute.edu.vn/Resources/Images/SubDomain/icsse2017/download.jpg\" style=\"height:82px; width:200px\" /></a></p>\r\n','2018-03-19 00:00:00','2018-03-19 00:00:00',NULL,12,'gallery',1),(13,'<p><strong><a href=\"http://icsse2017.hcmute.edu.vn/?ArticleId=b4031ebe-e802-4402-a49a-5769943872a5\">CONTACT INFORMATION</a></strong></p>\r\n\r\n<p><br />\r\n<br />\r\n<strong>CONFERENCE&nbsp;</strong><br />\r\nEmail: icsse2017@hcmute.edu.vn<br />\r\nLocation: HCMC University of Technology and Education<br />\r\n01 Vo Van Ngan Street, Linh Chieu Ward, Thu Duc District, Ho Chi Minh City&nbsp;<br />\r\n<br />\r\n<strong>VIETNAM</strong><br />\r\n1. A/P. Hoang An Quoc - Email: hanquoc@hcmute.edu.vn<br />\r\n2. A/P. Do Thanh Trung - Email: trungdt@hcmute.edu.vn<br />\r\n<br />\r\n<strong>TAIWAN</strong><br />\r\nProf. Yo-Ping Huang - Email:&nbsp;yphuang@ntut.edu.tw<br />\r\n<br />\r\n<br />\r\n&nbsp;</p>\r\n','2018-03-19 00:00:00','2018-03-19 00:00:00',NULL,13,'contact',1),(32,'<h2><strong>TTO - Ch v&agrave;i gi sau khi b&ecirc; bi r&ograve; r d liu ca 50 triu ngi d&ugrave;ng Facebook, tng t&agrave;i sn ca t ph&uacute; Mark Zuckerberg &atilde; ht hn 5 t USD v&igrave; c phiu c&ocirc;ng ty kh&ocirc;ng ngng lao dc.</strong></h2>\r\n\r\n<p><a href=\"https://cdn.tuoitre.vn/2018/3/20/delete-facebook-techcrunch-15215355597781193344524.png\" target=\"_blank\"><img alt=\"ng ch Facebook mt 5 t USD sau b bi l d liu ngi dng - nh 1.\" src=\"https://cdn.tuoitre.vn/thumb_w/784/2018/3/20/delete-facebook-techcrunch-15215355597781193344524.png\" /></a></p>\r\n\r\n<p>nh: TECHCRUNCH</p>\r\n\r\n<p>Kh&ocirc;ng nhng th, theo trang Sfgate, sau b&ecirc; bi, mt phong tr&agrave;o k&ecirc;u gi ty chay mng x&atilde; hi Facebook vi m&atilde; ch  #DeleteFacebook &atilde; tr&agrave;n ngp tr&ecirc;n mng x&atilde; hi Twitter k t ng&agrave;y 19-3 gi M.</p>\r\n\r\n<p>C&ugrave;ng vi m&atilde; ch  n&agrave;y, nhiu cu &quot;Facebooker&quot; c&ograve;n &quot; th&ecirc;m du v&agrave;o la&quot; vi nhng k nim bc bi tng gp tr&ecirc;n Facebook.</p>\r\n\r\n<p>&quot;Tt c ch&uacute;ng ta u ra ri khi MySpace, ch&uacute;ng ta cng c&oacute; th ri khi Facebook&quot;, t&agrave;i khon @ecarpen vit. Trong khi &oacute; t&agrave;i khon @FinnDen &quot;bi&quot; th&ecirc;m: &quot;Facebook kh&ocirc;ng phi c&aacute;i nh ch&uacute;ng ta &atilde; ngh&quot;.</p>\r\n\r\n<p>&quot;H&atilde;y b ngay Facebook h&ocirc;m nay. H&atilde;y h&agrave;nh ng &uacute;ng ngay t u. Kh&ocirc;ng th hn na&quot;, t&agrave;i khon @jmdsouza67 hiu triu.</p>\r\n\r\n<p>Cui tun qua, t New York Times &atilde; l&agrave; mt trong nhng ni u ti&ecirc;n phanh phui s vic d liu ca 50 triu ngi d&ugrave;ng Facebook b c&ocirc;ng ty ph&acirc;n t&iacute;ch d liu ch&iacute;nh tr Cambridge Analytica thu thp v&agrave; khai th&aacute;c theo hng phc v cho chin dch tranh c ca t ph&uacute; Donald Trump nm 2016.</p>\r\n\r\n<p>C th, Cambridge Analytica &atilde; nhn 15 triu USD ca &ocirc;ng Robert Mercer, nh&agrave; t&agrave;i tr ng Cng h&ograve;a, t trc t bu c gia nhim k nm 2014 n tr cho &ocirc;ng Aleksandr Kogan, gi&aacute;o s i hc Cambridge v&agrave; c&oacute; c d liu ca h&agrave;ng triu ngi d&ugrave;ng Facebook.</p>\r\n\r\n<p>Trc &oacute; &ocirc;ng Kogan &atilde; tr tin cho khong 270.000 ngi  h in v&agrave;o mt mu thm d&ograve; tr&ecirc;n mng, x&acirc;y dng bng c&aacute;c c&ocirc;ng c ph&aacute;t trin ca Facebook, gi&uacute;p &ocirc;ng nm c th&ocirc;ng tin v c&aacute;c trang h &atilde; &quot;like&quot;, c xem danh s&aacute;ch bn b&egrave; ca h&hellip;.</p>\r\n\r\n<p>Ging nh hu ht nhng ngi gi&agrave;u nht th gii, t&agrave;i sn r&ograve;ng ca t ph&uacute; Mark Zuckerberg c quyt nh phn ln bi vic tng/gim im ca th trng chng kho&aacute;n.</p>\r\n\r\n<p>T&iacute;nh ti rng s&aacute;ng 19-3, c phiu ca Facebook &atilde; gim 8%, theo &oacute; cho ti tra c&ugrave;ng ng&agrave;y, danh s&aacute;ch cp nht &quot;C&aacute;c t ph&uacute; th gii&quot; ca Forbes cho bit t&agrave;i sn r&ograve;ng ca t ph&uacute; Zuckerberg c&ograve;n khong 69,5 t USD, gim &aacute;ng k so vi mc 75 t USD v&agrave;o thi im th trng &oacute;ng ca ng&agrave;y th s&aacute;u (16-3).</p>\r\n\r\n<p>Theo d liu ca Forbes, ch trong v&agrave;i gi ng&agrave;y 19-3 gi M, t&agrave;i sn ca &ocirc;ng Zuckerberg &atilde; gim khong 6,7%, tng ng vi khong 5,1 t USD.</p>\r\n\r\n<blockquote>\r\n<p><strong>Nu mun x&oacute;a t&agrave;i khon Facebook</strong></p>\r\n\r\n<p>Nhng ai mun x&oacute;a s t&agrave;i khon Facebook cn bit l&agrave; h s phi ch ti 3 th&aacute;ng  c&oacute; th dn sch s mi d liu c&aacute; nh&acirc;n.</p>\r\n\r\n<p>Vi nhng ngi ch&aacute;n ng&aacute;n Facebook v&agrave; chn c&aacute;ch tm thi &quot;deactivate&quot; (ngng k&iacute;ch hot t&agrave;i khon), h cng n&ecirc;n bit l&agrave; vi la chn n&agrave;y, mng x&atilde; hi s kh&ocirc;ng hin th nhng th&ocirc;ng tin ca ch t&agrave;i khon vi bn b&egrave; h, nhng iu &oacute; cng kh&ocirc;ng ngn cn c vic d liu c&aacute; nh&acirc;n ca h c&oacute; th b li dng cho mc &iacute;ch kh&aacute;c.</p>\r\n\r\n<p>Nhng ngi d&ugrave;ng Facebook cng c&oacute; th ti v  lu li c&aacute;c th&ocirc;ng tin c chia s tr&ecirc;n Facebook trc khi x&oacute;a t&agrave;i khon bng c&aacute;ch: V&agrave;o Settings - General - Download a Copy of Your Facebook Data.</p>\r\n\r\n<p>D liu lu ca bn tr&ecirc;n Facebook s c gi ti ngi d&ugrave;ng qua email.</p>\r\n\r\n<p>&nbsp;</p>\r\n\r\n<p> x&oacute;a t&agrave;i khon Facebook, bn v&agrave;o &quot;Settings&quot;- t&igrave;m ti phn &quot;Manage account,&quot; chn &quot;Edit&quot; sau &oacute; bm v&agrave;o &quot;Request account deletion&quot; ri l&agrave;m theo c&aacute;c bc hng dn.</p>\r\n</blockquote>\r\n','2018-03-20 20:22:38','2018-03-20 20:22:38','ng ch Facebook mt 5 t USD sau b bi l d liu ngi dng',14,'news',1),(33,'<p>Chic in thoi ri xung l&agrave;m &aacute;m l&aacute; kh&ocirc; tung l&ecirc;n tht p v&agrave; Galaxy S9 &atilde; ghi trn khonh khc n&agrave;y - Clip: K.VY</p>\r\n\r\n<h3>Vi GalaxyS9, quay chm kh&ocirc;ng c&ograve;n l&agrave; k xo in nh</h3>\r\n\r\n<p>Slow-motion l&agrave; k thut quay video vi hiu ng l&agrave;m chm c&aacute;c h&agrave;nh ng, thc cht l&agrave; kh nng chp rt nhiu khung nh trong 1 gi&acirc;y  c&oacute; th c t h&agrave;nh ng rt chi tit ca i tng c ghi h&igrave;nh. K thut n&agrave;y c s dng rt nhiu trong k xo in nh.</p>\r\n\r\n<p>Vi s ph&aacute;t trin ca c&ocirc;ng ngh camera tr&ecirc;n in thoi th&ocirc;ng m&igrave;nh nh Galaxy S9|S9+, c&aacute;c thc phim si&ecirc;u chm (super slomo) kh&ocirc;ng c&ograve;n kh&ocirc;ng c&ograve;n gii hn  c&aacute;c nh&agrave; l&agrave;m phim chuy&ecirc;n nghip m&agrave; bt k ai cng c&oacute; th l&agrave;m c c&aacute;c thc phim n&agrave;y.&nbsp;</p>\r\n\r\n<p>Nh o din Nguyn Quang Dng n&oacute;i vui ti hi tho K nguy&ecirc;n giao tip bng h&igrave;nh nh va t chc ti TP.HCM: &quot;Nhng cnh quay chm vi c&aacute;c nh&agrave; l&agrave;m phim m&agrave; n&oacute;i, rt gi&aacute; tr, bi c&oacute; nhng khonh khc chi tit, tuyt vi m&agrave; khi quay vi tc  thng ch&uacute;ng ta kh&ocirc;ng th nh&igrave;n thy c s th&uacute; v ca ch th &oacute;. V&agrave; sau khi bit mt chic in thoi th&ocirc;ng minh b&acirc;y gi c&ograve;n c&oacute; ch  super slow-mo vi tc  chm hn 32 ln so vi c&aacute;c on phim video th&ocirc;ng thng, t&ocirc;i rt lo m&igrave;nh s sm... tht nghip!&quot;</p>\r\n\r\n<p>a s c&aacute;c smartphone ch cho ph&eacute;p quay 240 khung h&igrave;nh trong 1 gi&acirc;y nhng  Galaxy S9 th&igrave; s khung h&igrave;nh l&ecirc;n n 960/gi&acirc;y. Nh vy, vic quay dng mt video slomo m cht ngh thut tr n&ecirc;n n gin hn bao gi ht.</p>\r\n\r\n<p>Video tm dng</p>\r\n\r\n<p>&nbsp;</p>\r\n\r\n<p>Bt ng vi kh nng quay si&ecirc;u chm bt khonh khc n th&oacute;c ca ch&uacute; chim b c&acirc;u&nbsp;tr&ecirc;n Galaxy S9 - Clip: PHM AN DNG</p>\r\n\r\n<h3>&nbsp;</h3>\r\n\r\n<p><strong>3 thao t&aacute;c n gin  to ra video quay chm th&uacute; v bng Galaxy S9</strong></p>\r\n\r\n<p>- M Chc nng chp h&igrave;nh tr&ecirc;n m&aacute;y</p>\r\n\r\n<p>- Chn t&iacute;nh nng Supper Slow Motion hay C.ng si&ecirc;u chm</p>\r\n\r\n<p>- a i tng cn quay v&agrave;o khung h&igrave;nh v&agrave; bm v&agrave;o biu tng Ghi. Chuyn ng nhanh c ghi li ngay tc khc sau 0.1 gi&acirc;y trong khi c&aacute;c in thoi kh&aacute;c thng c&oacute;  tr sau nhiu gi&acirc;y n&ecirc;n &ocirc;i khi ch&uacute;ng ta b mt i thi khc p.</p>\r\n\r\n<p><a href=\"https://cdn.tuoitre.vn/2018/3/20/image001-15215505422811646584945.jpg\" target=\"_blank\"><img alt=\"T to video quay chm vi Super Slow Motion trn Galaxy S9 - nh 3.\" src=\"https://cdn.tuoitre.vn/thumb_w/784/2018/3/20/image001-15215505422811646584945.jpg\" /></a></p>\r\n\r\n<p>Ch cn m chc nng chp nh, chn chuyn ng si&ecirc;u chm, bn c&oacute; th bt u quay - nh: T.TNG</p>\r\n\r\n<p>Vi thao t&aacute;c n gin n&agrave;y, m&aacute;y nh s lp tc nhn bit v&agrave; bt trn khonh khc chuyn ng vi kh nng chp 960 khung h&igrave;nh tr&ecirc;n 1 gi&acirc;y.</p>\r\n\r\n<p>Video khi quay xong s n&eacute;n chun mp4 v&agrave; t ng lng nhc v&agrave;o hoc ngi d&ugrave;ng ho&agrave;n to&agrave;n ch ng chn nhc lng theo s th&iacute;ch.</p>\r\n\r\n<p><a href=\"https://cdn.tuoitre.vn/2018/3/20/photo-1-1521545816060356430445.jpg\" target=\"_blank\"><img alt=\"T to video quay chm vi Super Slow Motion trn Galaxy S9 - nh 4.\" src=\"https://cdn.tuoitre.vn/thumb_w/784/2018/3/20/photo-1-1521545816060356430445.jpg\" /></a></p>\r\n\r\n<p>Sau &oacute; v&agrave;o &quot;Chi tit&quot;  chn nhc nn - nh: T.TNG</p>\r\n\r\n<p>Bn cng c&oacute; th ct cup clip theo &yacute; th&iacute;ch trong phn chnh sa video, o ngc chuyn ng, to v&ograve;ng lp trong chi tit video, th l&agrave; xong v&agrave; vic c&ograve;n li l&agrave; up l&ecirc;n mng chia s c&ugrave;ng bn b&egrave; m&agrave; kh&ocirc;ng cn phi s dng mt phn mm dng phim n&agrave;o c.</p>\r\n\r\n<p><a href=\"https://cdn.tuoitre.vn/2018/3/20/photo-2-1521545816066641380679.jpg\" target=\"_blank\"><img alt=\"T to video quay chm vi Super Slow Motion trn Galaxy S9 - nh 5.\" src=\"https://cdn.tuoitre.vn/thumb_w/784/2018/3/20/photo-2-1521545816066641380679.jpg\" /></a></p>\r\n\r\n<p>V&agrave; chn ct  chnh sa clip - nh: T.TNG</p>\r\n\r\n<p>Ch vi v&agrave;i thao t&aacute;c n gin, c&acirc;u chuyn h&igrave;nh nh quay chm &atilde; c bt trn y ngh thut nh k xo in nh v&agrave; bi&ecirc;n dng d d&agrave;ng hn bao gi ht. V&agrave; di &acirc;y l&agrave; clip ch&uacute;ng t&ocirc;i &atilde; th tri nghim</p>\r\n\r\n<p>Video tm dng</p>\r\n\r\n<p>&nbsp;</p>\r\n\r\n<p>Chuyn ng ca xe c tr&ecirc;n ng ph &atilde; c ghi li trn vn vi chc nng quay si&ecirc;u chm tr&ecirc;n Galaxy S9 - Clip: THI&Ecirc;N TNG</p>\r\n\r\n<p>on video quay si&ecirc;u chm c ghi 0.2 gi&acirc;y v&agrave; ph&aacute;t li trong 6 gi&acirc;y. Galaxy S9 cho ph&eacute;p mt clip quay c ti a 20 on super slow motion   ph&acirc;n gii HD 720P, bitrate khong tr&ecirc;n 11.000 kbps.</p>\r\n\r\n<p>Video tm dng</p>\r\n\r\n<p>&nbsp;</p>\r\n\r\n<p>Nhng a tr vui &ugrave;a tr&ecirc;n h Tr An tht th&uacute; v - Clip: PHM AN DNG</p>\r\n','2018-03-20 23:36:32','2018-03-20 23:36:32','T to video quay chm vi Super Slow Motion trn Galaxy S9',14,'news',1),(34,'<h2>TTO - H&atilde;ng c&ocirc;ng ngh IBM va tr&igrave;nh l&agrave;ng mu m&aacute;y t&iacute;nh nh nht th gii, nh hn ht mui nhng li c t&iacute;ch hp c&ocirc;ng ngh &ldquo;<em>thi </em>thng&rdquo; blockchain.</h2>\r\n\r\n<ul>\r\n	<li><a href=\"https://congnghe.tuoitre.vn/thiet-bi-so/blackberry-hop-tac-samsung-gioi-thieu-tablet-bao-mat-secutablet-720854.htm\">BlackBerry hp t&aacute;c Samsung, IBM gii thiu SecuTABLET</a></li>\r\n	<li><a href=\"https://congnghe.tuoitre.vn/nhip-song-so/ibm-google-hop-tac-giup-tang-hieu-suat-may-chu-len-10-lan-1188337.htm\">IBM, Google hp t&aacute;c gi&uacute;p tng hiu sut m&aacute;y ch l&ecirc;n 10 ln</a></li>\r\n	<li><a href=\"https://congnghe.tuoitre.vn/thiet-bi-so/ibm-san-xuat-duoc-thiet-bi-luu-tru-du-lieu-sieu-khong-lo-20170810163754582.htm\">IBM sn xut c thit b lu tr d liu si&ecirc;u khng l</a></li>\r\n</ul>\r\n\r\n<p><a href=\"https://cdn.tuoitre.vn/2018/3/20/may-tinh-nho-bang-hat-muoi-ibm-1521514345028582705946.jpg\" target=\"_blank\"><img alt=\"IBM ra mt my tnh nh hn ht mui - nh 1.\" src=\"https://cdn.tuoitre.vn/thumb_w/784/2018/3/20/may-tinh-nho-bang-hat-muoi-ibm-1521514345028582705946.jpg\" /></a></p>\r\n\r\n<p>M&aacute;y t&iacute;nh nh nht th gii - nh: IBM</p>\r\n\r\n<p>Theo trang tin Mashable, ng&agrave;y 19-3, ti hi ngh c&ocirc;ng ngh cao cp IBM Think 2018 ca IBM, c&ocirc;ng ty n&agrave;y &atilde; ln u ra mt sn phm c tuy&ecirc;n b l&agrave; m&aacute;y t&iacute;nh nh nht th gii.</p>\r\n\r\n<p>R&otilde; r&agrave;ng IBM &atilde; kh&ocirc;ng qu&aacute; li trong th&ocirc;ng tin qung b&aacute; bi mu m&aacute;y t&iacute;nh h gii thiu c&oacute; k&iacute;ch thc thm ch&iacute; c&ograve;n nh hn mt ht mui.</p>\r\n\r\n<p>Tuy nhi&ecirc;n ng  k&iacute;ch thc &aacute;nh la, bi thit b n&agrave;y c&oacute; nng lc x l&yacute; th&ocirc;ng tin mnh m tng ng vi mt con chip x86 ca nhng nm 1990. V&agrave;  nh&igrave;n thy n&oacute;, bn s phi d&ugrave;ng ti k&iacute;nh hin vi.</p>\r\n\r\n<p>Theo IBM, chi ph&iacute; sn xut m&aacute;y t&iacute;nh si&ecirc;u t&iacute; hon n&agrave;y cha ti 10 cent v&agrave; n&oacute; gm &quot;v&agrave;i trm ng&agrave;n b&oacute;ng b&aacute;n dn&quot;. Theo &oacute; n&oacute; c&oacute; kh nng &quot;theo d&otilde;i, ph&acirc;n t&iacute;ch, li&ecirc;n lc v&agrave; thm ch&iacute; x l&yacute; tr&ecirc;n d liu&quot;.</p>\r\n\r\n<p>Vi nhng ngi quan t&acirc;m ti bitcoin, h c&agrave;ng c&oacute; l&yacute; do hn  t&igrave;m hiu v mu m&aacute;y t&iacute;nh nh nht th gii ca IBM v&igrave; thit b n&agrave;y t&iacute;ch hp c&ocirc;ng ngh blockchain, mt c&ocirc;ng ngh nn tng ca tin in t.</p>\r\n\r\n<p><a href=\"https://cdn.tuoitre.vn/2018/3/20/mo-phong-may-tinh-sieu-nho-ibm-15215143647061906865531.jpg\" target=\"_blank\"><img alt=\"IBM ra mt my tnh nh hn ht mui - nh 2.\" src=\"https://cdn.tuoitre.vn/thumb_w/784/2018/3/20/mo-phong-may-tinh-sieu-nho-ibm-15215143647061906865531.jpg\" /></a></p>\r\n\r\n<p>Bn m&ocirc; phng thit k m&aacute;y t&iacute;nh nh nht th gii - nh: IBM</p>\r\n\r\n<p>M&aacute;y t&iacute;nh si&ecirc;u nh s l&agrave; ngun d liu phc v cho c&aacute;c ng dng ca c&ocirc;ng ngh blockchain. Nhng tim nng ng dng ca n&oacute; bao gm theo d&otilde;i vic vn chuyn h&agrave;ng h&oacute;a, ph&aacute;t hin t&igrave;nh hung trm cp, gi mo, kh&ocirc;ng tu&acirc;n th quy nh.</p>\r\n\r\n<p>Ngo&agrave;i ra n&oacute; cng c&oacute; th thc hin c&aacute;c thao t&aacute;c c bn li&ecirc;n quan ti tr&iacute; tu nh&acirc;n to nh ph&acirc;n loi d liu c cung cp.</p>\r\n\r\n<p>Theo IBM, &acirc;y mi ch l&agrave; th&agrave;nh qu bc u. Trong v&ograve;ng 5 nm ti, nhng thit b c&ocirc;ng ngh vi k&iacute;ch thc si&ecirc;u nh s c&ograve;n c n&acirc;ng cp v&agrave; ng dng rng r&atilde;i hn trong c&aacute;c h thng v&agrave; vt dng h&agrave;ng ng&agrave;y.</p>\r\n','2018-03-20 23:40:09','2018-03-20 23:40:32','IBM ra mt my tnh nh hn ht mui',14,'news',1),(36,'EMPTY','2018-03-20 23:42:26','2018-03-20 23:42:26','EMPTY',14,'news',1),(37,'<p><img alt=\"\" src=\"https://docs.google.com/uc?id=1fNGvL-5i4OCpHhLyvTy3DCx7SpqF5Xgb\" style=\"height:889px; width:500px\" /></p>\r\n','2018-03-20 23:57:48','2018-03-20 23:57:48','Insert ',14,'news',1),(38,'<p><strong>NOT EMPTY&nbsp;</strong></p>\r\n','2018-03-21 16:06:59','2018-03-25 22:00:22','EMPTY',14,'news',1),(42,'<p>TEST</p>\r\n\r\n<p><img alt=\"\" src=\"https://drive.google.com/uc?id=1vBbwYv1HEcIlEbUno_2xfEYalh9To2V-&amp;export=download\" style=\"height:292px; width:500px\" /></p>\r\n\r\n<p>https://drive.google.com/uc?id=1vBbwYv1HEcIlEbUno_2xfEYalh9To2V-&amp;export=download</p>\r\n','2018-03-26 05:00:42','2018-03-25 22:02:15','NEWS',14,'news',1);
/*!40000 ALTER TABLE `news` ENABLE KEYS */;
UNLOCK TABLES;

--
-- Table structure for table `privilege`
--

DROP TABLE IF EXISTS `privilege`;
/*!40101 SET @saved_cs_client     = @@character_set_client */;
/*!40101 SET character_set_client = utf8 */;
CREATE TABLE `privilege` (
  `id` bigint(20) NOT NULL AUTO_INCREMENT,
  `name` varchar(255) DEFAULT NULL,
  PRIMARY KEY (`id`)
) ENGINE=InnoDB AUTO_INCREMENT=3 DEFAULT CHARSET=utf8;
/*!40101 SET character_set_client = @saved_cs_client */;

--
-- Dumping data for table `privilege`
--

LOCK TABLES `privilege` WRITE;
/*!40000 ALTER TABLE `privilege` DISABLE KEYS */;
INSERT INTO `privilege` VALUES (1,'READ_DATA'),(2,'WRITE_DATA');
/*!40000 ALTER TABLE `privilege` ENABLE KEYS */;
UNLOCK TABLES;

--
-- Table structure for table `role`
--

DROP TABLE IF EXISTS `role`;
/*!40101 SET @saved_cs_client     = @@character_set_client */;
/*!40101 SET character_set_client = utf8 */;
CREATE TABLE `role` (
  `id` bigint(20) NOT NULL AUTO_INCREMENT,
  `name` varchar(255) DEFAULT NULL,
  PRIMARY KEY (`id`)
) ENGINE=InnoDB AUTO_INCREMENT=4 DEFAULT CHARSET=utf8;
/*!40101 SET character_set_client = @saved_cs_client */;

--
-- Dumping data for table `role`
--

LOCK TABLES `role` WRITE;
/*!40000 ALTER TABLE `role` DISABLE KEYS */;
INSERT INTO `role` VALUES (1,'ADMIN'),(2,'STAFF'),(3,'GUEST');
/*!40000 ALTER TABLE `role` ENABLE KEYS */;
UNLOCK TABLES;

--
-- Table structure for table `roles_privileges`
--

DROP TABLE IF EXISTS `roles_privileges`;
/*!40101 SET @saved_cs_client     = @@character_set_client */;
/*!40101 SET character_set_client = utf8 */;
CREATE TABLE `roles_privileges` (
  `role_id` bigint(20) NOT NULL,
  `privilege_id` bigint(20) NOT NULL,
  KEY `FK5yjwxw2gvfyu76j3rgqwo685u` (`privilege_id`),
  KEY `FK9h2vewsqh8luhfq71xokh4who` (`role_id`),
  CONSTRAINT `FK5yjwxw2gvfyu76j3rgqwo685u` FOREIGN KEY (`privilege_id`) REFERENCES `privilege` (`id`),
  CONSTRAINT `FK9h2vewsqh8luhfq71xokh4who` FOREIGN KEY (`role_id`) REFERENCES `role` (`id`)
) ENGINE=InnoDB DEFAULT CHARSET=utf8;
/*!40101 SET character_set_client = @saved_cs_client */;

--
-- Dumping data for table `roles_privileges`
--

LOCK TABLES `roles_privileges` WRITE;
/*!40000 ALTER TABLE `roles_privileges` DISABLE KEYS */;
INSERT INTO `roles_privileges` VALUES (1,1),(1,2),(2,1),(3,1);
/*!40000 ALTER TABLE `roles_privileges` ENABLE KEYS */;
UNLOCK TABLES;

--
-- Table structure for table `types`
--

DROP TABLE IF EXISTS `types`;
/*!40101 SET @saved_cs_client     = @@character_set_client */;
/*!40101 SET character_set_client = utf8 */;
CREATE TABLE `types` (
  `type_id` int(11) NOT NULL AUTO_INCREMENT,
  `type_name` varchar(255) DEFAULT NULL,
  PRIMARY KEY (`type_id`)
) ENGINE=InnoDB AUTO_INCREMENT=15 DEFAULT CHARSET=utf8;
/*!40101 SET character_set_client = @saved_cs_client */;

--
-- Dumping data for table `types`
--

LOCK TABLES `types` WRITE;
/*!40000 ALTER TABLE `types` DISABLE KEYS */;
INSERT INTO `types` VALUES (1,'HOME'),(2,'ICSSE'),(3,'HCMUTE'),(4,'COMMITTEES'),(5,'CALL FOR PAPERS'),(6,'SUBMISSION'),(7,'REGISTRATION'),(8,'KEYNOTE SPEAKER'),(9,'PROGRAM'),(10,'PUBLICATION'),(11,'VENUE & HOTEL'),(12,'GALLERY'),(13,'CONTACT'),(14,'NEWS');
/*!40000 ALTER TABLE `types` ENABLE KEYS */;
UNLOCK TABLES;

--
-- Table structure for table `user`
--

DROP TABLE IF EXISTS `user`;
/*!40101 SET @saved_cs_client     = @@character_set_client */;
/*!40101 SET character_set_client = utf8 */;
CREATE TABLE `user` (
  `id` int(11) NOT NULL AUTO_INCREMENT,
  `email` varchar(255) DEFAULT NULL,
  `enabled` bit(1) NOT NULL,
  `first_name` varchar(255) DEFAULT NULL,
  `last_name` varchar(255) DEFAULT NULL,
  `password` varchar(255) DEFAULT NULL,
  PRIMARY KEY (`id`)
) ENGINE=InnoDB AUTO_INCREMENT=2 DEFAULT CHARSET=utf8;
/*!40101 SET character_set_client = @saved_cs_client */;

--
-- Dumping data for table `user`
--

LOCK TABLES `user` WRITE;
/*!40000 ALTER TABLE `user` DISABLE KEYS */;
INSERT INTO `user` VALUES (1,'t2p@gmail.com','','John','Doe','$2a$10$5bv768ox76gsFq4iGVqHVe7URxApYbDDOs/UlTZjZ3xecw.FdRdii');
/*!40000 ALTER TABLE `user` ENABLE KEYS */;
UNLOCK TABLES;

--
-- Table structure for table `users_roles`
--

DROP TABLE IF EXISTS `users_roles`;
/*!40101 SET @saved_cs_client     = @@character_set_client */;
/*!40101 SET character_set_client = utf8 */;
CREATE TABLE `users_roles` (
  `user_id` int(11) NOT NULL,
  `role_id` bigint(20) NOT NULL,
  KEY `FKt4v0rrweyk393bdgt107vdx0x` (`role_id`),
  KEY `FKgd3iendaoyh04b95ykqise6qh` (`user_id`),
  CONSTRAINT `FKgd3iendaoyh04b95ykqise6qh` FOREIGN KEY (`user_id`) REFERENCES `user` (`id`),
  CONSTRAINT `FKt4v0rrweyk393bdgt107vdx0x` FOREIGN KEY (`role_id`) REFERENCES `role` (`id`)
) ENGINE=InnoDB DEFAULT CHARSET=utf8;
/*!40101 SET character_set_client = @saved_cs_client */;

--
-- Dumping data for table `users_roles`
--

LOCK TABLES `users_roles` WRITE;
/*!40000 ALTER TABLE `users_roles` DISABLE KEYS */;
INSERT INTO `users_roles` VALUES (1,1);
/*!40000 ALTER TABLE `users_roles` ENABLE KEYS */;
UNLOCK TABLES;
/*!40103 SET TIME_ZONE=@OLD_TIME_ZONE */;

/*!40101 SET SQL_MODE=@OLD_SQL_MODE */;
/*!40014 SET FOREIGN_KEY_CHECKS=@OLD_FOREIGN_KEY_CHECKS */;
/*!40014 SET UNIQUE_CHECKS=@OLD_UNIQUE_CHECKS */;
/*!40101 SET CHARACTER_SET_CLIENT=@OLD_CHARACTER_SET_CLIENT */;
/*!40101 SET CHARACTER_SET_RESULTS=@OLD_CHARACTER_SET_RESULTS */;
/*!40101 SET COLLATION_CONNECTION=@OLD_COLLATION_CONNECTION */;
/*!40111 SET SQL_NOTES=@OLD_SQL_NOTES */;

-- Dump completed on 2018-04-29 19:02:43
